#
# There is insufficient memory for the Java Runtime Environment to continue.
# Native memory allocation (mmap) failed to map 635437056 bytes. Error detail: G1 virtual space
# Possible reasons:
#   The system is out of physical RAM or swap space
#   This process is running with CompressedOops enabled, and the Java Heap may be blocking the growth of the native heap
# Possible solutions:
#   Reduce memory load on the system
#   Increase physical memory or swap space
#   Check if swap backing store is full
#   Decrease Java heap size (-Xmx/-Xms)
#   Decrease number of Java threads
#   Decrease Java thread stack sizes (-Xss)
#   Set larger code cache with -XX:ReservedCodeCacheSize=
#   JVM is running with Unscaled Compressed Oops mode in which the Java heap is
#     placed in the first 4GB address space. The Java Heap base address is the
#     maximum limit for the native heap growth. Please use -XX:HeapBaseMinAddress
#     to set the Java Heap base and to place the Java Heap above 4GB virtual address.
# This output file may be truncated or incomplete.
#
#  Out of Memory Error (os_windows.cpp:3766), pid=7328, tid=16672
#
# JRE version: OpenJDK Runtime Environment (25.0.3) (build 25.0.3+-15898627-b508.16)
# Java VM: OpenJDK 64-Bit Server VM (25.0.3+-15898627-b508.16, mixed mode, tiered, compressed oops, compressed class ptrs, g1 gc, windows-amd64)
# No core dump will be written. Minidumps are not enabled by default on client versions of Windows
#

---------------  S U M M A R Y ------------

Command Line: --add-opens=java.base/java.lang=ALL-UNNAMED --add-opens=java.base/java.lang.invoke=ALL-UNNAMED --add-opens=java.base/java.util=ALL-UNNAMED --add-opens=java.prefs/java.util.prefs=ALL-UNNAMED --add-exports=jdk.compiler/com.sun.tools.javac.api=ALL-UNNAMED --add-exports=jdk.compiler/com.sun.tools.javac.util=ALL-UNNAMED --add-opens=java.base/java.nio.charset=ALL-UNNAMED --add-opens=java.base/java.net=ALL-UNNAMED --add-opens=java.base/java.util.concurrent=ALL-UNNAMED --add-opens=java.base/java.util.concurrent.atomic=ALL-UNNAMED --add-opens=java.xml/javax.xml.namespace=ALL-UNNAMED --add-opens=java.base/java.time=ALL-UNNAMED --enable-native-access=ALL-UNNAMED -Xmx2048m -Dfile.encoding=UTF-8 -Duser.country=GB -Duser.language=en -Duser.variant -javaagent:C:\Users\emihl\.gradle\wrapper\dists\gradle-9.6.0-bin\42k10rwplmzkhuboz9kdazi7s\gradle-9.6.0\lib\agents\gradle-instrumentation-agent-9.6.0.jar org.gradle.launcher.daemon.bootstrap.GradleDaemon 9.6.0

Host: Intel(R) Celeron(R) N4020 CPU @ 1.10GHz, 2 cores, 3G,  Windows 10 , 64 bit Build 19041 (10.0.19041.5915)
Time: Sat Sep 19 19:26:29 2026 South Africa Standard Time elapsed time: 176.395872 seconds (0d 0h 2m 56s)

---------------  T H R E A D  ---------------

Current thread (0x000002467d7e9810):  VMThread "VM Thread"          [id=16672, stack(0x0000004c12e00000,0x0000004c12f00000) (1024K)]

Stack: [0x0000004c12e00000,0x0000004c12f00000]
Native frames: (J=compiled Java code, j=interpreted, Vv=VM code, C=native code)
V  [jvm.dll+0x7bf039]  (no source info available)
V  [jvm.dll+0x78912d]  (no source info available)
V  [jvm.dll+0xa0e615]  (no source info available)
V  [jvm.dll+0xa10c94]  (no source info available)
V  [jvm.dll+0xa11393]  (no source info available)
V  [jvm.dll+0x30a116]  (no source info available)
V  [jvm.dll+0x7bb145]  (no source info available)
V  [jvm.dll+0x7adc17]  (no source info available)
V  [jvm.dll+0x3fea3b]  (no source info available)
V  [jvm.dll+0x406bf6]  (no source info available)
V  [jvm.dll+0x3f30a6]  (no source info available)
V  [jvm.dll+0x3f3388]  (no source info available)
V  [jvm.dll+0x3c8622]  (no source info available)
V  [jvm.dll+0x3c86ba]  (no source info available)
V  [jvm.dll+0x417e60]  (no source info available)
V  [jvm.dll+0x416781]  (no source info available)
V  [jvm.dll+0x3c7d57]  (no source info available)
V  [jvm.dll+0x415bbf]  (no source info available)
V  [jvm.dll+0xa1765a]  (no source info available)
V  [jvm.dll+0xa18961]  (no source info available)
V  [jvm.dll+0xa18ed8]  (no source info available)
V  [jvm.dll+0xa19163]  (no source info available)
V  [jvm.dll+0x9ad738]  (no source info available)
V  [jvm.dll+0x7bd585]  (no source info available)
C  [ucrtbase.dll+0x21bb2]  (no source info available)
C  [KERNEL32.DLL+0x17374]  (no source info available)
C  [ntdll.dll+0x4cc91]  (no source info available)

VM_Operation (0x0000004c140f2278): G1CollectForAllocation, mode: safepoint, requested by thread 0x000002461a70ed30


---------------  P R O C E S S  ---------------

Threads class SMR info:
_java_thread_list=0x000002461923c1f0, length=39, elements={
0x000002467b57eef0, 0x000002461458fb90, 0x0000024614593470, 0x00000246145c4c60,
0x00000246145c7fe0, 0x00000246145c8ba0, 0x00000246145ab440, 0x00000246145ae010,
0x00000246145aef00, 0x00000246145cdf20, 0x0000024614a44170, 0x00000246194aa180,
0x000002461af52e20, 0x000002461b134900, 0x000002461ab005e0, 0x000002461ad78350,
0x000002461a70aeb0, 0x000002461a70ed30, 0x000002461a70b680, 0x000002461a70c620,
0x000002461a70cdf0, 0x000002461a708f70, 0x000002461a707fd0, 0x000002461c005fe0,
0x000002461c0011c0, 0x000002461c0040a0, 0x000002461c002160, 0x000002461c003100,
0x000002461c001990, 0x000002461c007750, 0x000002461b0b0f20, 0x000002461b0ae040,
0x000002461b0b2690, 0x000002461b0b0750, 0x000002461b0ad870, 0x000002461b0aff80,
0x000002461de69aa0, 0x000002461de6d920, 0x000002461e7c4b90
}

Java Threads: ( => current thread )
  0x000002467b57eef0 JavaThread "main"                              [_thread_blocked, id=2644, stack(0x0000004c12700000,0x0000004c12800000) (1024K)]
  0x000002461458fb90 JavaThread "Common-Cleaner"             daemon [_thread_blocked, id=4208, stack(0x0000004c12f00000,0x0000004c13000000) (1024K)]
  0x0000024614593470 JavaThread "Reference Handler"          daemon [_thread_blocked, id=17368, stack(0x0000004c13000000,0x0000004c13100000) (1024K)]
  0x00000246145c4c60 JavaThread "Finalizer"                  daemon [_thread_blocked, id=17352, stack(0x0000004c13100000,0x0000004c13200000) (1024K)]
  0x00000246145c7fe0 JavaThread "Signal Dispatcher"          daemon [_thread_blocked, id=17344, stack(0x0000004c13200000,0x0000004c13300000) (1024K)]
  0x00000246145c8ba0 JavaThread "Attach Listener"            daemon [_thread_blocked, id=17372, stack(0x0000004c13300000,0x0000004c13400000) (1024K)]
  0x00000246145ab440 JavaThread "Service Thread"             daemon [_thread_blocked, id=11076, stack(0x0000004c13400000,0x0000004c13500000) (1024K)]
  0x00000246145ae010 JavaThread "Monitor Deflation Thread"   daemon [_thread_blocked, id=17232, stack(0x0000004c13500000,0x0000004c13600000) (1024K)]
  0x00000246145aef00 JavaThread "C2 CompilerThread0"         daemon [_thread_blocked, id=16460, stack(0x0000004c13600000,0x0000004c13700000) (1024K)]
  0x00000246145cdf20 JavaThread "C1 CompilerThread0"         daemon [_thread_blocked, id=3020, stack(0x0000004c13700000,0x0000004c13800000) (1024K)]
  0x0000024614a44170 JavaThread "Notification Thread"        daemon [_thread_blocked, id=7892, stack(0x0000004c13800000,0x0000004c13900000) (1024K)]
  0x00000246194aa180 JavaThread "Daemon health stats"               [_thread_blocked, id=16160, stack(0x0000004c13a00000,0x0000004c13b00000) (1024K)]
  0x000002461af52e20 JavaThread "Incoming local TCP Connector on port 65291"        [_thread_in_native, id=10456, stack(0x0000004c13b00000,0x0000004c13c00000) (1024K)]
  0x000002461b134900 JavaThread "Daemon periodic checks"            [_thread_blocked, id=13308, stack(0x0000004c13c00000,0x0000004c13d00000) (1024K)]
  0x000002461ab005e0 JavaThread "Daemon"                            [_thread_blocked, id=14128, stack(0x0000004c13d00000,0x0000004c13e00000) (1024K)]
  0x000002461ad78350 JavaThread "Handler for socket connection from /127.0.0.1:65291 to /127.0.0.1:65292"        [_thread_in_native, id=13680, stack(0x0000004c13e00000,0x0000004c13f00000) (1024K)]
  0x000002461a70aeb0 JavaThread "Cancel handler"                    [_thread_blocked, id=12908, stack(0x0000004c13f00000,0x0000004c14000000) (1024K)]
  0x000002461a70ed30 JavaThread "Daemon worker"                     [_thread_blocked, id=5792, stack(0x0000004c14000000,0x0000004c14100000) (1024K)]
  0x000002461a70b680 JavaThread "Asynchronous log dispatcher for DefaultDaemonConnection: socket connection from /127.0.0.1:65291 to /127.0.0.1:65292"        [_thread_blocked, id=13864, stack(0x0000004c14100000,0x0000004c14200000) (1024K)]
  0x000002461a70c620 JavaThread "Stdin handler"                     [_thread_blocked, id=11980, stack(0x0000004c14200000,0x0000004c14300000) (1024K)]
  0x000002461a70cdf0 JavaThread "Daemon client event forwarder"        [_thread_blocked, id=15376, stack(0x0000004c14300000,0x0000004c14400000) (1024K)]
  0x000002461a708f70 JavaThread "Cache worker for journal cache (C:\Users\emihl\.gradle\caches\journal-1)"        [_thread_blocked, id=16068, stack(0x0000004c14400000,0x0000004c14500000) (1024K)]
  0x000002461a707fd0 JavaThread "File lock request listener"        [_thread_in_native, id=16048, stack(0x0000004c14500000,0x0000004c14600000) (1024K)]
  0x000002461c005fe0 JavaThread "Cache worker for file hash cache (C:\Users\emihl\.gradle\caches\9.6.0\fileHashes)"        [_thread_blocked, id=16036, stack(0x0000004c14600000,0x0000004c14700000) (1024K)]
  0x000002461c0011c0 JavaThread "Cache worker for file hash cache (C:\Users\emihl\AndroidStudioProjects\CyberSafeCheck\.gradle\9.6.0\fileHashes)"        [_thread_blocked, id=14664, stack(0x0000004c14700000,0x0000004c14800000) (1024K)]
  0x000002461c0040a0 JavaThread "Cache worker for Build Output Cleanup Cache (C:\Users\emihl\AndroidStudioProjects\CyberSafeCheck\.gradle\buildOutputCleanup)"        [_thread_blocked, id=12412, stack(0x0000004c14800000,0x0000004c14900000) (1024K)]
  0x000002461c002160 JavaThread "File watcher server"        daemon [_thread_in_native, id=16716, stack(0x0000004c14900000,0x0000004c14a00000) (1024K)]
  0x000002461c003100 JavaThread "File watcher consumer"      daemon [_thread_blocked, id=1920, stack(0x0000004c14a00000,0x0000004c14b00000) (1024K)]
  0x000002461c001990 JavaThread "jar transforms"                    [_thread_blocked, id=16488, stack(0x0000004c14b00000,0x0000004c14c00000) (1024K)]
  0x000002461c007750 JavaThread "jar transforms Thread 2"           [_thread_blocked, id=15384, stack(0x0000004c14c00000,0x0000004c14d00000) (1024K)]
  0x000002461b0b0f20 JavaThread "Cache worker for file content cache (C:\Users\emihl\.gradle\caches\9.6.0\fileContent)"        [_thread_blocked, id=5572, stack(0x0000004c14d00000,0x0000004c14e00000) (1024K)]
  0x000002461b0ae040 JavaThread "Cache worker for checksums cache (C:\Users\emihl\AndroidStudioProjects\CyberSafeCheck\.gradle\9.6.0\checksums)"        [_thread_blocked, id=14468, stack(0x0000004c14e00000,0x0000004c14f00000) (1024K)]
  0x000002461b0b2690 JavaThread "Cache worker for cache directory md-supplier (C:\Users\emihl\.gradle\caches\9.6.0\md-supplier)"        [_thread_blocked, id=16152, stack(0x0000004c12500000,0x0000004c12600000) (1024K)]
  0x000002461b0b0750 JavaThread "Cache worker for cache directory md-rule (C:\Users\emihl\.gradle\caches\9.6.0\md-rule)"        [_thread_blocked, id=12632, stack(0x0000004c14f00000,0x0000004c15000000) (1024K)]
  0x000002461b0ad870 JavaThread "Build operations"                  [_thread_blocked, id=7472, stack(0x0000004c15000000,0x0000004c15100000) (1024K)]
  0x000002461b0aff80 JavaThread "Build operations Thread 2"         [_thread_blocked, id=13712, stack(0x0000004c15100000,0x0000004c15200000) (1024K)]
  0x000002461de69aa0 JavaThread "Unconstrained build operations"        [_thread_blocked, id=8592, stack(0x0000004c15200000,0x0000004c15300000) (1024K)]
  0x000002461de6d920 JavaThread "Unconstrained build operations Thread 2"        [_thread_blocked, id=10352, stack(0x0000004c15300000,0x0000004c15400000) (1024K)]
  0x000002461e7c4b90 JavaThread "pool-1-thread-1"                   [_thread_blocked, id=13220, stack(0x0000004c12400000,0x0000004c12500000) (1024K)]
Total: 39

Other Threads:
=>0x000002467d7e9810 VMThread "VM Thread"                           [id=16672, stack(0x0000004c12e00000,0x0000004c12f00000) (1024K)]
  0x000002461455da20 WatcherThread "VM Periodic Task Thread"        [id=11636, stack(0x0000004c12d00000,0x0000004c12e00000) (1024K)]
  0x000002467d77ff90 WorkerThread "GC Thread#0"                     [id=2184, stack(0x0000004c12800000,0x0000004c12900000) (1024K)]
  0x000002461951b7a0 WorkerThread "GC Thread#1"                     [id=7948, stack(0x0000004c13900000,0x0000004c13a00000) (1024K)]
  0x000002467d79a980 ConcurrentGCThread "G1 Main Marker"            [id=13604, stack(0x0000004c12900000,0x0000004c12a00000) (1024K)]
  0x000002467d79b690 WorkerThread "G1 Conc#0"                       [id=14892, stack(0x0000004c12a00000,0x0000004c12b00000) (1024K)]
  0x000002467d7b4a20 ConcurrentGCThread "G1 Refine#0"               [id=6836, stack(0x0000004c12b00000,0x0000004c12c00000) (1024K)]
  0x000002467d7b74c0 ConcurrentGCThread "G1 Service"                [id=7160, stack(0x0000004c12c00000,0x0000004c12d00000) (1024K)]
Total: 8

Threads with active compile tasks:
C2 CompilerThread0  176659 14934       4       org.jetbrains.kotlin.metadata.ProtoBuf$Annotation$Argument$Value$Type::valueOf (122 bytes)
Total: 1

VM state: at safepoint (normal execution)

VM Mutex/Monitor currently owned by a thread:  ([mutex/lock_event])
[0x00007fffac3b7928] Threads_lock - owner thread: 0x000002467d7e9810
[0x00007fffac3b7aa8] Heap_lock - owner thread: 0x000002461a70ed30

Heap address: 0x0000000080000000, size: 2048 MB, Compressed Oops mode: 32-bit

CDS archive(s) not mapped
Compressed class space mapped at: 0x000000003f000000-0x000000007f000000, reserved size: 1073741824
UseCompressedClassPointers 1, UseCompactObjectHeaders 0
Narrow klass pointer bits 32, Max shift 3
Narrow klass base: 0x0000000000000000, Narrow klass shift: 0
Encoding Range: [0x0000000000000000 - 0x0000000100000000), (4294967296 bytes)
Klass Range:    [0x000000003f000000 - 0x000000007f000000), (1073741824 bytes)
Klass ID Range:  [1056964608 - 2130706425) (1073741817)
No protection zone.

GC Precious Log:
 CardTable entry size: 512
 Card Set container configuration: InlinePtr #cards 5 size 8 Array Of Cards #cards 10 size 36 Howl #buckets 4 coarsen threshold 1843 Howl Bitmap #cards 512 size 80 coarsen threshold 460 Card regions per heap region 1 cards per card region 2048
 CPUs: 2 total, 2 available
 Memory: 3914M
 Large Page Support: Disabled
 NUMA Support: Disabled
 Compressed Oops: Enabled (32-bit)
 Heap Region Size: 1M
 Heap Min Capacity: 8M
 Heap Initial Capacity: 62M
 Heap Max Capacity: 2G
 Pre-touch: Disabled
 Parallel Workers: 2
 Concurrent Workers: 1
 Concurrent Refinement Workers: 2
 Periodic GC: Disabled

Heap:
 garbage-first heap   total reserved 2097152K, committed 310272K, used 180736K [0x0000000080000000, 0x0000000100000000)
  region size 1024K, 2 young (2048K), 2 survivors (2048K)

Heap Regions: E=young(eden), S=young(survivor), O=old, HS=humongous(starts), HC=humongous(continues), CS=collection set, F=free, TAMS=top-at-mark-start, PB=parsable bottom
|   0|0x0000000080000000, 0x0000000080100000, 0x0000000080100000|100%|HS|  |TAMS 0x0000000080100000| PB 0x0000000080000000| Complete |  0
|   1|0x0000000080100000, 0x0000000080200000, 0x0000000080200000|100%|HC|  |TAMS 0x0000000080200000| PB 0x0000000080100000| Complete |  0
|   2|0x0000000080200000, 0x0000000080300000, 0x0000000080300000|100%|HC|  |TAMS 0x0000000080300000| PB 0x0000000080200000| Complete |  0
|   3|0x0000000080300000, 0x0000000080400000, 0x0000000080400000|100%|HC|  |TAMS 0x0000000080400000| PB 0x0000000080300000| Complete |  0
|   4|0x0000000080400000, 0x0000000080500000, 0x0000000080500000|100%| O|  |TAMS 0x0000000080500000| PB 0x0000000080400000| Untracked |  0
|   5|0x0000000080500000, 0x0000000080600000, 0x0000000080600000|100%| O|  |TAMS 0x0000000080600000| PB 0x0000000080500000| Untracked |  0
|   6|0x0000000080600000, 0x0000000080700000, 0x0000000080700000|100%| O|  |TAMS 0x0000000080700000| PB 0x0000000080600000| Untracked |  0
|   7|0x0000000080700000, 0x0000000080800000, 0x0000000080800000|100%| O|  |TAMS 0x0000000080800000| PB 0x0000000080700000| Untracked |  0
|   8|0x0000000080800000, 0x0000000080900000, 0x0000000080900000|100%|HS|  |TAMS 0x0000000080900000| PB 0x0000000080800000| Complete |  0
|   9|0x0000000080900000, 0x0000000080a00000, 0x0000000080a00000|100%| O|  |TAMS 0x0000000080a00000| PB 0x0000000080900000| Untracked |  0
|  10|0x0000000080a00000, 0x0000000080b00000, 0x0000000080b00000|100%| O|  |TAMS 0x0000000080b00000| PB 0x0000000080a00000| Untracked |  0
|  11|0x0000000080b00000, 0x0000000080c00000, 0x0000000080c00000|100%| O|  |TAMS 0x0000000080c00000| PB 0x0000000080b00000| Untracked |  0
|  12|0x0000000080c00000, 0x0000000080d00000, 0x0000000080d00000|100%| O|  |TAMS 0x0000000080d00000| PB 0x0000000080c00000| Untracked |  0
|  13|0x0000000080d00000, 0x0000000080e00000, 0x0000000080e00000|100%| O|  |TAMS 0x0000000080e00000| PB 0x0000000080d00000| Untracked |  0
|  14|0x0000000080e00000, 0x0000000080f00000, 0x0000000080f00000|100%| O|  |TAMS 0x0000000080f00000| PB 0x0000000080e00000| Untracked |  0
|  15|0x0000000080f00000, 0x0000000081000000, 0x0000000081000000|100%| O|  |TAMS 0x0000000081000000| PB 0x0000000080f00000| Untracked |  0
|  16|0x0000000081000000, 0x0000000081100000, 0x0000000081100000|100%| O|  |TAMS 0x0000000081100000| PB 0x0000000081000000| Untracked |  0
|  17|0x0000000081100000, 0x0000000081200000, 0x0000000081200000|100%| O|  |TAMS 0x0000000081200000| PB 0x0000000081100000| Untracked |  0
|  18|0x0000000081200000, 0x0000000081300000, 0x0000000081300000|100%| O|  |TAMS 0x0000000081300000| PB 0x0000000081200000| Untracked |  0
|  19|0x0000000081300000, 0x0000000081400000, 0x0000000081400000|100%| O|  |TAMS 0x0000000081400000| PB 0x0000000081300000| Untracked |  0
|  20|0x0000000081400000, 0x0000000081500000, 0x0000000081500000|100%| O|  |TAMS 0x0000000081500000| PB 0x0000000081400000| Untracked |  0
|  21|0x0000000081500000, 0x0000000081600000, 0x0000000081600000|100%| O|  |TAMS 0x0000000081600000| PB 0x0000000081500000| Untracked |  0
|  22|0x0000000081600000, 0x0000000081700000, 0x0000000081700000|100%| O|  |TAMS 0x0000000081700000| PB 0x0000000081600000| Untracked |  0
|  23|0x0000000081700000, 0x0000000081800000, 0x0000000081800000|100%| O|  |TAMS 0x0000000081800000| PB 0x0000000081700000| Untracked |  0
|  24|0x0000000081800000, 0x0000000081900000, 0x0000000081900000|100%|HS|  |TAMS 0x0000000081900000| PB 0x0000000081800000| Complete |  0
|  25|0x0000000081900000, 0x0000000081a00000, 0x0000000081a00000|100%|HC|  |TAMS 0x0000000081a00000| PB 0x0000000081900000| Complete |  0
|  26|0x0000000081a00000, 0x0000000081b00000, 0x0000000081b00000|100%|HC|  |TAMS 0x0000000081b00000| PB 0x0000000081a00000| Complete |  0
|  27|0x0000000081b00000, 0x0000000081c00000, 0x0000000081c00000|100%|HC|  |TAMS 0x0000000081c00000| PB 0x0000000081b00000| Complete |  0
|  28|0x0000000081c00000, 0x0000000081d00000, 0x0000000081d00000|100%|HC|  |TAMS 0x0000000081d00000| PB 0x0000000081c00000| Complete |  0
|  29|0x0000000081d00000, 0x0000000081e00000, 0x0000000081e00000|100%|HC|  |TAMS 0x0000000081e00000| PB 0x0000000081d00000| Complete |  0
|  30|0x0000000081e00000, 0x0000000081f00000, 0x0000000081f00000|100%|HS|  |TAMS 0x0000000081f00000| PB 0x0000000081e00000| Complete |  0
|  31|0x0000000081f00000, 0x0000000082000000, 0x0000000082000000|100%| O|  |TAMS 0x0000000082000000| PB 0x0000000081f00000| Untracked |  0
|  32|0x0000000082000000, 0x0000000082100000, 0x0000000082100000|100%|HS|  |TAMS 0x0000000082100000| PB 0x0000000082000000| Complete |  0
|  33|0x0000000082100000, 0x0000000082200000, 0x0000000082200000|100%|HS|  |TAMS 0x0000000082200000| PB 0x0000000082100000| Complete |  0
|  34|0x0000000082200000, 0x0000000082300000, 0x0000000082300000|100%|HC|  |TAMS 0x0000000082300000| PB 0x0000000082200000| Complete |  0
|  35|0x0000000082300000, 0x0000000082400000, 0x0000000082400000|100%|HC|  |TAMS 0x0000000082400000| PB 0x0000000082300000| Complete |  0
|  36|0x0000000082400000, 0x0000000082500000, 0x0000000082500000|100%|HC|  |TAMS 0x0000000082500000| PB 0x0000000082400000| Complete |  0
|  37|0x0000000082500000, 0x0000000082600000, 0x0000000082600000|100%|HC|  |TAMS 0x0000000082600000| PB 0x0000000082500000| Complete |  0
|  38|0x0000000082600000, 0x0000000082700000, 0x0000000082700000|100%|HC|  |TAMS 0x0000000082700000| PB 0x0000000082600000| Complete |  0
|  39|0x0000000082700000, 0x0000000082800000, 0x0000000082800000|100%|HS|  |TAMS 0x0000000082800000| PB 0x0000000082700000| Complete |  0
|  40|0x0000000082800000, 0x0000000082900000, 0x0000000082900000|100%|HS|  |TAMS 0x0000000082900000| PB 0x0000000082800000| Complete |  0
|  41|0x0000000082900000, 0x0000000082a00000, 0x0000000082a00000|100%| O|  |TAMS 0x0000000082a00000| PB 0x0000000082900000| Untracked |  0
|  42|0x0000000082a00000, 0x0000000082b00000, 0x0000000082b00000|100%| O|  |TAMS 0x0000000082b00000| PB 0x0000000082a00000| Untracked |  0
|  43|0x0000000082b00000, 0x0000000082c00000, 0x0000000082c00000|100%| O|  |TAMS 0x0000000082c00000| PB 0x0000000082b00000| Untracked |  0
|  44|0x0000000082c00000, 0x0000000082d00000, 0x0000000082d00000|100%| O|  |TAMS 0x0000000082d00000| PB 0x0000000082c00000| Untracked |  0
|  45|0x0000000082d00000, 0x0000000082e00000, 0x0000000082e00000|100%| O|  |TAMS 0x0000000082e00000| PB 0x0000000082d00000| Untracked |  0
|  46|0x0000000082e00000, 0x0000000082f00000, 0x0000000082f00000|100%| O|  |TAMS 0x0000000082f00000| PB 0x0000000082e00000| Untracked |  0
|  47|0x0000000082f00000, 0x0000000083000000, 0x0000000083000000|100%| O|  |TAMS 0x0000000083000000| PB 0x0000000082f00000| Untracked |  0
|  48|0x0000000083000000, 0x0000000083100000, 0x0000000083100000|100%| O|  |TAMS 0x0000000083100000| PB 0x0000000083000000| Untracked |  0
|  49|0x0000000083100000, 0x0000000083200000, 0x0000000083200000|100%| O|  |TAMS 0x0000000083200000| PB 0x0000000083100000| Untracked |  0
|  50|0x0000000083200000, 0x0000000083300000, 0x0000000083300000|100%| O|  |TAMS 0x0000000083300000| PB 0x0000000083200000| Untracked |  0
|  51|0x0000000083300000, 0x0000000083400000, 0x0000000083400000|100%| O|  |TAMS 0x0000000083400000| PB 0x0000000083300000| Untracked |  0
|  52|0x0000000083400000, 0x0000000083500000, 0x0000000083500000|100%| O|  |TAMS 0x0000000083500000| PB 0x0000000083400000| Untracked |  0
|  53|0x0000000083500000, 0x0000000083600000, 0x0000000083600000|100%| O|  |TAMS 0x0000000083600000| PB 0x0000000083500000| Untracked |  0
|  54|0x0000000083600000, 0x0000000083700000, 0x0000000083700000|100%| O|  |TAMS 0x0000000083700000| PB 0x0000000083600000| Untracked |  0
|  55|0x0000000083700000, 0x0000000083800000, 0x0000000083800000|100%| O|  |TAMS 0x0000000083800000| PB 0x0000000083700000| Untracked |  0
|  56|0x0000000083800000, 0x0000000083900000, 0x0000000083900000|100%| O|  |TAMS 0x0000000083900000| PB 0x0000000083800000| Untracked |  0
|  57|0x0000000083900000, 0x0000000083a00000, 0x0000000083a00000|100%| O|  |TAMS 0x0000000083a00000| PB 0x0000000083900000| Untracked |  0
|  58|0x0000000083a00000, 0x0000000083b00000, 0x0000000083b00000|100%| O|  |TAMS 0x0000000083b00000| PB 0x0000000083a00000| Untracked |  0
|  59|0x0000000083b00000, 0x0000000083c00000, 0x0000000083c00000|100%| O|  |TAMS 0x0000000083c00000| PB 0x0000000083b00000| Untracked |  0
|  60|0x0000000083c00000, 0x0000000083d00000, 0x0000000083d00000|100%| O|  |TAMS 0x0000000083d00000| PB 0x0000000083c00000| Untracked |  0
|  61|0x0000000083d00000, 0x0000000083e00000, 0x0000000083e00000|100%| O|  |TAMS 0x0000000083e00000| PB 0x0000000083d00000| Untracked |  0
|  62|0x0000000083e00000, 0x0000000083f00000, 0x0000000083f00000|100%|HS|  |TAMS 0x0000000083f00000| PB 0x0000000083e00000| Complete |  0
|  63|0x0000000083f00000, 0x0000000084000000, 0x0000000084000000|100%| O|  |TAMS 0x0000000084000000| PB 0x0000000083f00000| Untracked |  0
|  64|0x0000000084000000, 0x0000000084100000, 0x0000000084100000|100%| O|  |TAMS 0x0000000084100000| PB 0x0000000084000000| Untracked |  0
|  65|0x0000000084100000, 0x0000000084200000, 0x0000000084200000|100%| O|  |TAMS 0x0000000084200000| PB 0x0000000084100000| Untracked |  0
|  66|0x0000000084200000, 0x0000000084300000, 0x0000000084300000|100%| O|  |TAMS 0x0000000084300000| PB 0x0000000084200000| Untracked |  0
|  67|0x0000000084300000, 0x0000000084400000, 0x0000000084400000|100%| O|  |TAMS 0x0000000084400000| PB 0x0000000084300000| Untracked |  0
|  68|0x0000000084400000, 0x0000000084500000, 0x0000000084500000|100%| O|  |TAMS 0x0000000084500000| PB 0x0000000084400000| Untracked |  0
|  69|0x0000000084500000, 0x0000000084600000, 0x0000000084600000|100%| O|  |TAMS 0x0000000084600000| PB 0x0000000084500000| Untracked |  0
|  70|0x0000000084600000, 0x0000000084700000, 0x0000000084700000|100%| O|  |TAMS 0x0000000084700000| PB 0x0000000084600000| Untracked |  0
|  71|0x0000000084700000, 0x0000000084800000, 0x0000000084800000|100%| O|  |TAMS 0x0000000084800000| PB 0x0000000084700000| Untracked |  0
|  72|0x0000000084800000, 0x0000000084900000, 0x0000000084900000|100%| O|  |TAMS 0x0000000084900000| PB 0x0000000084800000| Untracked |  0
|  73|0x0000000084900000, 0x0000000084a00000, 0x0000000084a00000|100%| O|  |TAMS 0x0000000084a00000| PB 0x0000000084900000| Untracked |  0
|  74|0x0000000084a00000, 0x0000000084b00000, 0x0000000084b00000|100%| O|  |TAMS 0x0000000084b00000| PB 0x0000000084a00000| Untracked |  0
|  75|0x0000000084b00000, 0x0000000084c00000, 0x0000000084c00000|100%| O|  |TAMS 0x0000000084c00000| PB 0x0000000084b00000| Untracked |  0
|  76|0x0000000084c00000, 0x0000000084d00000, 0x0000000084d00000|100%| O|  |TAMS 0x0000000084d00000| PB 0x0000000084c00000| Untracked |  0
|  77|0x0000000084d00000, 0x0000000084e00000, 0x0000000084e00000|100%| O|  |TAMS 0x0000000084e00000| PB 0x0000000084d00000| Untracked |  0
|  78|0x0000000084e00000, 0x0000000084f00000, 0x0000000084f00000|100%| O|  |TAMS 0x0000000084f00000| PB 0x0000000084e00000| Untracked |  0
|  79|0x0000000084f00000, 0x0000000085000000, 0x0000000085000000|100%| O|  |TAMS 0x0000000085000000| PB 0x0000000084f00000| Untracked |  0
|  80|0x0000000085000000, 0x0000000085100000, 0x0000000085100000|100%| O|  |TAMS 0x0000000085100000| PB 0x0000000085000000| Untracked |  0
|  81|0x0000000085100000, 0x0000000085200000, 0x0000000085200000|100%| O|  |TAMS 0x0000000085200000| PB 0x0000000085100000| Untracked |  0
|  82|0x0000000085200000, 0x0000000085300000, 0x0000000085300000|100%| O|  |TAMS 0x0000000085300000| PB 0x0000000085200000| Untracked |  0
|  83|0x0000000085300000, 0x0000000085400000, 0x0000000085400000|100%| O|  |TAMS 0x0000000085400000| PB 0x0000000085300000| Untracked |  0
|  84|0x0000000085400000, 0x0000000085500000, 0x0000000085500000|100%| O|  |TAMS 0x0000000085500000| PB 0x0000000085400000| Untracked |  0
|  85|0x0000000085500000, 0x0000000085600000, 0x0000000085600000|100%| O|  |TAMS 0x0000000085600000| PB 0x0000000085500000| Untracked |  0
|  86|0x0000000085600000, 0x0000000085700000, 0x0000000085700000|100%| O|  |TAMS 0x0000000085700000| PB 0x0000000085600000| Untracked |  0
|  87|0x0000000085700000, 0x0000000085800000, 0x0000000085800000|100%| O|  |TAMS 0x0000000085800000| PB 0x0000000085700000| Untracked |  0
|  88|0x0000000085800000, 0x0000000085900000, 0x0000000085900000|100%| O|  |TAMS 0x0000000085900000| PB 0x0000000085800000| Untracked |  0
|  89|0x0000000085900000, 0x0000000085a00000, 0x0000000085a00000|100%| O|  |TAMS 0x0000000085a00000| PB 0x0000000085900000| Untracked |  0
|  90|0x0000000085a00000, 0x0000000085b00000, 0x0000000085b00000|100%| O|  |TAMS 0x0000000085b00000| PB 0x0000000085a00000| Untracked |  0
|  91|0x0000000085b00000, 0x0000000085c00000, 0x0000000085c00000|100%| O|  |TAMS 0x0000000085c00000| PB 0x0000000085b00000| Untracked |  0
|  92|0x0000000085c00000, 0x0000000085d00000, 0x0000000085d00000|100%| O|  |TAMS 0x0000000085d00000| PB 0x0000000085c00000| Untracked |  0
|  93|0x0000000085d00000, 0x0000000085e00000, 0x0000000085e00000|100%| O|  |TAMS 0x0000000085e00000| PB 0x0000000085d00000| Untracked |  0
|  94|0x0000000085e00000, 0x0000000085f00000, 0x0000000085f00000|100%| O|  |TAMS 0x0000000085f00000| PB 0x0000000085e00000| Untracked |  0
|  95|0x0000000085f00000, 0x0000000086000000, 0x0000000086000000|100%| O|  |TAMS 0x0000000086000000| PB 0x0000000085f00000| Untracked |  0
|  96|0x0000000086000000, 0x0000000086100000, 0x0000000086100000|100%| O|  |TAMS 0x0000000086100000| PB 0x0000000086000000| Untracked |  0
|  97|0x0000000086100000, 0x0000000086200000, 0x0000000086200000|100%| O|  |TAMS 0x0000000086200000| PB 0x0000000086100000| Untracked |  0
|  98|0x0000000086200000, 0x0000000086300000, 0x0000000086300000|100%| O|  |TAMS 0x0000000086300000| PB 0x0000000086200000| Untracked |  0
|  99|0x0000000086300000, 0x0000000086400000, 0x0000000086400000|100%| O|  |TAMS 0x0000000086400000| PB 0x0000000086300000| Untracked |  0
| 100|0x0000000086400000, 0x0000000086500000, 0x0000000086500000|100%| O|  |TAMS 0x0000000086500000| PB 0x0000000086400000| Untracked |  0
| 101|0x0000000086500000, 0x0000000086600000, 0x0000000086600000|100%| O|  |TAMS 0x0000000086600000| PB 0x0000000086500000| Untracked |  0
| 102|0x0000000086600000, 0x0000000086700000, 0x0000000086700000|100%| O|  |TAMS 0x0000000086700000| PB 0x0000000086600000| Untracked |  0
| 103|0x0000000086700000, 0x0000000086800000, 0x0000000086800000|100%| O|  |TAMS 0x0000000086800000| PB 0x0000000086700000| Untracked |  0
| 104|0x0000000086800000, 0x0000000086900000, 0x0000000086900000|100%| O|  |TAMS 0x0000000086900000| PB 0x0000000086800000| Untracked |  0
| 105|0x0000000086900000, 0x0000000086a00000, 0x0000000086a00000|100%| O|  |TAMS 0x0000000086a00000| PB 0x0000000086900000| Untracked |  0
| 106|0x0000000086a00000, 0x0000000086b00000, 0x0000000086b00000|100%| O|  |TAMS 0x0000000086b00000| PB 0x0000000086a00000| Untracked |  0
| 107|0x0000000086b00000, 0x0000000086c00000, 0x0000000086c00000|100%| O|  |TAMS 0x0000000086c00000| PB 0x0000000086b00000| Untracked |  0
| 108|0x0000000086c00000, 0x0000000086d00000, 0x0000000086d00000|100%| O|  |TAMS 0x0000000086d00000| PB 0x0000000086c00000| Untracked |  0
| 109|0x0000000086d00000, 0x0000000086e00000, 0x0000000086e00000|100%| O|  |TAMS 0x0000000086e00000| PB 0x0000000086d00000| Untracked |  0
| 110|0x0000000086e00000, 0x0000000086f00000, 0x0000000086f00000|100%| O|  |TAMS 0x0000000086f00000| PB 0x0000000086e00000| Untracked |  0
| 111|0x0000000086f00000, 0x0000000087000000, 0x0000000087000000|100%| O|  |TAMS 0x0000000087000000| PB 0x0000000086f00000| Untracked |  0
| 112|0x0000000087000000, 0x0000000087100000, 0x0000000087100000|100%| O|  |TAMS 0x0000000087100000| PB 0x0000000087000000| Untracked |  0
| 113|0x0000000087100000, 0x0000000087200000, 0x0000000087200000|100%| O|  |TAMS 0x0000000087200000| PB 0x0000000087100000| Untracked |  0
| 114|0x0000000087200000, 0x0000000087300000, 0x0000000087300000|100%| O|  |TAMS 0x0000000087300000| PB 0x0000000087200000| Untracked |  0
| 115|0x0000000087300000, 0x0000000087400000, 0x0000000087400000|100%| O|  |TAMS 0x0000000087400000| PB 0x0000000087300000| Untracked |  0
| 116|0x0000000087400000, 0x0000000087500000, 0x0000000087500000|100%| O|  |TAMS 0x0000000087500000| PB 0x0000000087400000| Untracked |  0
| 117|0x0000000087500000, 0x0000000087600000, 0x0000000087600000|100%| O|  |TAMS 0x0000000087600000| PB 0x0000000087500000| Untracked |  0
| 118|0x0000000087600000, 0x0000000087700000, 0x0000000087700000|100%| O|  |TAMS 0x0000000087700000| PB 0x0000000087600000| Untracked |  0
| 119|0x0000000087700000, 0x0000000087800000, 0x0000000087800000|100%| O|  |TAMS 0x0000000087800000| PB 0x0000000087700000| Untracked |  0
| 120|0x0000000087800000, 0x0000000087900000, 0x0000000087900000|100%| O|  |TAMS 0x0000000087900000| PB 0x0000000087800000| Untracked |  0
| 121|0x0000000087900000, 0x0000000087a00000, 0x0000000087a00000|100%| O|  |TAMS 0x0000000087a00000| PB 0x0000000087900000| Untracked |  0
| 122|0x0000000087a00000, 0x0000000087b00000, 0x0000000087b00000|100%| O|  |TAMS 0x0000000087b00000| PB 0x0000000087a00000| Untracked |  0
| 123|0x0000000087b00000, 0x0000000087c00000, 0x0000000087c00000|100%| O|  |TAMS 0x0000000087c00000| PB 0x0000000087b00000| Untracked |  0
| 124|0x0000000087c00000, 0x0000000087d00000, 0x0000000087d00000|100%| O|  |TAMS 0x0000000087d00000| PB 0x0000000087c00000| Untracked |  0
| 125|0x0000000087d00000, 0x0000000087e00000, 0x0000000087e00000|100%| O|  |TAMS 0x0000000087e00000| PB 0x0000000087d00000| Untracked |  0
| 126|0x0000000087e00000, 0x0000000087f00000, 0x0000000087f00000|100%| O|  |TAMS 0x0000000087f00000| PB 0x0000000087e00000| Untracked |  0
| 127|0x0000000087f00000, 0x0000000088000000, 0x0000000088000000|100%| O|  |TAMS 0x0000000088000000| PB 0x0000000087f00000| Untracked |  0
| 128|0x0000000088000000, 0x0000000088100000, 0x0000000088100000|100%| O|  |TAMS 0x0000000088100000| PB 0x0000000088000000| Untracked |  0
| 129|0x0000000088100000, 0x0000000088200000, 0x0000000088200000|100%| O|  |TAMS 0x0000000088200000| PB 0x0000000088100000| Untracked |  0
| 130|0x0000000088200000, 0x0000000088300000, 0x0000000088300000|100%| O|  |TAMS 0x0000000088300000| PB 0x0000000088200000| Untracked |  0
| 131|0x0000000088300000, 0x0000000088400000, 0x0000000088400000|100%| O|  |TAMS 0x0000000088400000| PB 0x0000000088300000| Untracked |  0
| 132|0x0000000088400000, 0x0000000088500000, 0x0000000088500000|100%| O|  |TAMS 0x0000000088500000| PB 0x0000000088400000| Untracked |  0
| 133|0x0000000088500000, 0x0000000088600000, 0x0000000088600000|100%| O|  |TAMS 0x0000000088600000| PB 0x0000000088500000| Untracked |  0
| 134|0x0000000088600000, 0x0000000088700000, 0x0000000088700000|100%| O|  |TAMS 0x0000000088700000| PB 0x0000000088600000| Untracked |  0
| 135|0x0000000088700000, 0x0000000088800000, 0x0000000088800000|100%| O|  |TAMS 0x0000000088800000| PB 0x0000000088700000| Untracked |  0
| 136|0x0000000088800000, 0x0000000088900000, 0x0000000088900000|100%| O|  |TAMS 0x0000000088900000| PB 0x0000000088800000| Untracked |  0
| 137|0x0000000088900000, 0x0000000088a00000, 0x0000000088a00000|100%| O|  |TAMS 0x0000000088a00000| PB 0x0000000088900000| Untracked |  0
| 138|0x0000000088a00000, 0x0000000088b00000, 0x0000000088b00000|100%| O|  |TAMS 0x0000000088b00000| PB 0x0000000088a00000| Untracked |  0
| 139|0x0000000088b00000, 0x0000000088c00000, 0x0000000088c00000|100%| O|  |TAMS 0x0000000088c00000| PB 0x0000000088b00000| Untracked |  0
| 140|0x0000000088c00000, 0x0000000088d00000, 0x0000000088d00000|100%| O|  |TAMS 0x0000000088d00000| PB 0x0000000088c00000| Untracked |  0
| 141|0x0000000088d00000, 0x0000000088e00000, 0x0000000088e00000|100%| O|  |TAMS 0x0000000088e00000| PB 0x0000000088d00000| Untracked |  0
| 142|0x0000000088e00000, 0x0000000088f00000, 0x0000000088f00000|100%| O|  |TAMS 0x0000000088f00000| PB 0x0000000088e00000| Untracked |  0
| 143|0x0000000088f00000, 0x0000000089000000, 0x0000000089000000|100%| O|  |TAMS 0x0000000089000000| PB 0x0000000088f00000| Untracked |  0
| 144|0x0000000089000000, 0x0000000089100000, 0x0000000089100000|100%| O|  |TAMS 0x0000000089100000| PB 0x0000000089000000| Untracked |  0
| 145|0x0000000089100000, 0x0000000089200000, 0x0000000089200000|100%| O|  |TAMS 0x0000000089200000| PB 0x0000000089100000| Untracked |  0
| 146|0x0000000089200000, 0x0000000089300000, 0x0000000089300000|100%| O|  |TAMS 0x0000000089300000| PB 0x0000000089200000| Untracked |  0
| 147|0x0000000089300000, 0x0000000089400000, 0x0000000089400000|100%| O|  |TAMS 0x0000000089400000| PB 0x0000000089300000| Untracked |  0
| 148|0x0000000089400000, 0x0000000089500000, 0x0000000089500000|100%| O|  |TAMS 0x0000000089500000| PB 0x0000000089400000| Untracked |  0
| 149|0x0000000089500000, 0x0000000089600000, 0x0000000089600000|100%| O|  |TAMS 0x0000000089600000| PB 0x0000000089500000| Untracked |  0
| 150|0x0000000089600000, 0x0000000089700000, 0x0000000089700000|100%| O|  |TAMS 0x0000000089700000| PB 0x0000000089600000| Untracked |  0
| 151|0x0000000089700000, 0x0000000089800000, 0x0000000089800000|100%| O|  |TAMS 0x0000000089800000| PB 0x0000000089700000| Untracked |  0
| 152|0x0000000089800000, 0x0000000089900000, 0x0000000089900000|100%| O|  |TAMS 0x0000000089900000| PB 0x0000000089800000| Untracked |  0
| 153|0x0000000089900000, 0x0000000089a00000, 0x0000000089a00000|100%| O|  |TAMS 0x0000000089a00000| PB 0x0000000089900000| Untracked |  0
| 154|0x0000000089a00000, 0x0000000089b00000, 0x0000000089b00000|100%| O|  |TAMS 0x0000000089b00000| PB 0x0000000089a00000| Untracked |  0
| 155|0x0000000089b00000, 0x0000000089c00000, 0x0000000089c00000|100%| O|  |TAMS 0x0000000089c00000| PB 0x0000000089b00000| Untracked |  0
| 156|0x0000000089c00000, 0x0000000089d00000, 0x0000000089d00000|100%| O|  |TAMS 0x0000000089c80000| PB 0x0000000089c00000| Untracked |  0
| 157|0x0000000089d00000, 0x0000000089e00000, 0x0000000089e00000|100%| O|  |TAMS 0x0000000089d00000| PB 0x0000000089d00000| Untracked |  0
| 158|0x0000000089e00000, 0x0000000089f00000, 0x0000000089f00000|100%| O|  |TAMS 0x0000000089e00000| PB 0x0000000089e00000| Untracked |  0
| 159|0x0000000089f00000, 0x000000008a000000, 0x000000008a000000|100%|HS|  |TAMS 0x0000000089f00000| PB 0x0000000089f00000| Complete |  0
| 160|0x000000008a000000, 0x000000008a100000, 0x000000008a100000|100%| O|  |TAMS 0x000000008a000000| PB 0x000000008a000000| Untracked |  0
| 161|0x000000008a100000, 0x000000008a200000, 0x000000008a200000|100%| O|  |TAMS 0x000000008a100000| PB 0x000000008a100000| Untracked |  0
| 162|0x000000008a200000, 0x000000008a300000, 0x000000008a300000|100%| O|  |TAMS 0x000000008a200000| PB 0x000000008a200000| Untracked |  0
| 163|0x000000008a300000, 0x000000008a380000, 0x000000008a400000| 50%| O|  |TAMS 0x000000008a300000| PB 0x000000008a300000| Untracked |  0
| 164|0x000000008a400000, 0x000000008a400000, 0x000000008a500000|  0%| F|  |TAMS 0x000000008a400000| PB 0x000000008a400000| Untracked |  0
| 165|0x000000008a500000, 0x000000008a500000, 0x000000008a600000|  0%| F|  |TAMS 0x000000008a500000| PB 0x000000008a500000| Untracked |  0
| 166|0x000000008a600000, 0x000000008a600000, 0x000000008a700000|  0%| F|  |TAMS 0x000000008a600000| PB 0x000000008a600000| Untracked |  0
| 167|0x000000008a700000, 0x000000008a700000, 0x000000008a800000|  0%| F|  |TAMS 0x000000008a700000| PB 0x000000008a700000| Untracked |  0
| 168|0x000000008a800000, 0x000000008a800000, 0x000000008a900000|  0%| F|  |TAMS 0x000000008a800000| PB 0x000000008a800000| Untracked |  0
| 169|0x000000008a900000, 0x000000008a900000, 0x000000008aa00000|  0%| F|  |TAMS 0x000000008a900000| PB 0x000000008a900000| Untracked |  0
| 170|0x000000008aa00000, 0x000000008aa00000, 0x000000008ab00000|  0%| F|  |TAMS 0x000000008aa00000| PB 0x000000008aa00000| Untracked |  0
| 171|0x000000008ab00000, 0x000000008ab00000, 0x000000008ac00000|  0%| F|  |TAMS 0x000000008ab00000| PB 0x000000008ab00000| Untracked |  0
| 172|0x000000008ac00000, 0x000000008ac00000, 0x000000008ad00000|  0%| F|  |TAMS 0x000000008ac00000| PB 0x000000008ac00000| Untracked |  0
| 173|0x000000008ad00000, 0x000000008ad00000, 0x000000008ae00000|  0%| F|  |TAMS 0x000000008ad00000| PB 0x000000008ad00000| Untracked |  0
| 174|0x000000008ae00000, 0x000000008ae00000, 0x000000008af00000|  0%| F|  |TAMS 0x000000008ae00000| PB 0x000000008ae00000| Untracked |  0
| 175|0x000000008af00000, 0x000000008af00000, 0x000000008b000000|  0%| F|  |TAMS 0x000000008af00000| PB 0x000000008af00000| Untracked |  0
| 176|0x000000008b000000, 0x000000008b000000, 0x000000008b100000|  0%| F|  |TAMS 0x000000008b000000| PB 0x000000008b000000| Untracked |  0
| 177|0x000000008b100000, 0x000000008b100000, 0x000000008b200000|  0%| F|  |TAMS 0x000000008b100000| PB 0x000000008b100000| Untracked |  0
| 178|0x000000008b200000, 0x000000008b200000, 0x000000008b300000|  0%| F|  |TAMS 0x000000008b200000| PB 0x000000008b200000| Untracked |  0
| 179|0x000000008b300000, 0x000000008b300000, 0x000000008b400000|  0%| F|  |TAMS 0x000000008b300000| PB 0x000000008b300000| Untracked |  0
| 180|0x000000008b400000, 0x000000008b400000, 0x000000008b500000|  0%| F|  |TAMS 0x000000008b400000| PB 0x000000008b400000| Untracked |  0
| 181|0x000000008b500000, 0x000000008b500000, 0x000000008b600000|  0%| F|  |TAMS 0x000000008b500000| PB 0x000000008b500000| Untracked |  0
| 182|0x000000008b600000, 0x000000008b600000, 0x000000008b700000|  0%| F|  |TAMS 0x000000008b600000| PB 0x000000008b600000| Untracked |  0
| 183|0x000000008b700000, 0x000000008b700000, 0x000000008b800000|  0%| F|  |TAMS 0x000000008b700000| PB 0x000000008b700000| Untracked |  0
| 184|0x000000008b800000, 0x000000008b800000, 0x000000008b900000|  0%| F|  |TAMS 0x000000008b800000| PB 0x000000008b800000| Untracked |  0
| 185|0x000000008b900000, 0x000000008b900000, 0x000000008ba00000|  0%| F|  |TAMS 0x000000008b900000| PB 0x000000008b900000| Untracked |  0
| 186|0x000000008ba00000, 0x000000008ba00000, 0x000000008bb00000|  0%| F|  |TAMS 0x000000008ba00000| PB 0x000000008ba00000| Untracked |  0
| 187|0x000000008bb00000, 0x000000008bb00000, 0x000000008bc00000|  0%| F|  |TAMS 0x000000008bb00000| PB 0x000000008bb00000| Untracked |  0
| 188|0x000000008bc00000, 0x000000008bc00000, 0x000000008bd00000|  0%| F|  |TAMS 0x000000008bc00000| PB 0x000000008bc00000| Untracked |  0
| 189|0x000000008bd00000, 0x000000008bd00000, 0x000000008be00000|  0%| F|  |TAMS 0x000000008bd00000| PB 0x000000008bd00000| Untracked |  0
| 190|0x000000008be00000, 0x000000008be00000, 0x000000008bf00000|  0%| F|  |TAMS 0x000000008be00000| PB 0x000000008be00000| Untracked |  0
| 191|0x000000008bf00000, 0x000000008bf00000, 0x000000008c000000|  0%| F|  |TAMS 0x000000008bf00000| PB 0x000000008bf00000| Untracked |  0
| 192|0x000000008c000000, 0x000000008c000000, 0x000000008c100000|  0%| F|  |TAMS 0x000000008c000000| PB 0x000000008c000000| Untracked |  0
| 193|0x000000008c100000, 0x000000008c100000, 0x000000008c200000|  0%| F|  |TAMS 0x000000008c100000| PB 0x000000008c100000| Untracked |  0
| 194|0x000000008c200000, 0x000000008c200000, 0x000000008c300000|  0%| F|  |TAMS 0x000000008c200000| PB 0x000000008c200000| Untracked |  0
| 195|0x000000008c300000, 0x000000008c300000, 0x000000008c400000|  0%| F|  |TAMS 0x000000008c300000| PB 0x000000008c300000| Untracked |  0
| 196|0x000000008c400000, 0x000000008c400000, 0x000000008c500000|  0%| F|  |TAMS 0x000000008c400000| PB 0x000000008c400000| Untracked |  0
| 197|0x000000008c500000, 0x000000008c500000, 0x000000008c600000|  0%| F|  |TAMS 0x000000008c500000| PB 0x000000008c500000| Untracked |  0
| 198|0x000000008c600000, 0x000000008c600000, 0x000000008c700000|  0%| F|  |TAMS 0x000000008c600000| PB 0x000000008c600000| Untracked |  0
| 199|0x000000008c700000, 0x000000008c700000, 0x000000008c800000|  0%| F|  |TAMS 0x000000008c700000| PB 0x000000008c700000| Untracked |  0
| 200|0x000000008c800000, 0x000000008c800000, 0x000000008c900000|  0%| F|  |TAMS 0x000000008c800000| PB 0x000000008c800000| Untracked |  0
| 201|0x000000008c900000, 0x000000008c900000, 0x000000008ca00000|  0%| F|  |TAMS 0x000000008c900000| PB 0x000000008c900000| Untracked |  0
| 202|0x000000008ca00000, 0x000000008ca00000, 0x000000008cb00000|  0%| F|  |TAMS 0x000000008ca00000| PB 0x000000008ca00000| Untracked |  0
| 203|0x000000008cb00000, 0x000000008cb00000, 0x000000008cc00000|  0%| F|  |TAMS 0x000000008cb00000| PB 0x000000008cb00000| Untracked |  0
| 204|0x000000008cc00000, 0x000000008cc00000, 0x000000008cd00000|  0%| F|  |TAMS 0x000000008cc00000| PB 0x000000008cc00000| Untracked |  0
| 205|0x000000008cd00000, 0x000000008cd00000, 0x000000008ce00000|  0%| F|  |TAMS 0x000000008cd00000| PB 0x000000008cd00000| Untracked |  0
| 206|0x000000008ce00000, 0x000000008ce00000, 0x000000008cf00000|  0%| F|  |TAMS 0x000000008ce00000| PB 0x000000008ce00000| Untracked |  0
| 207|0x000000008cf00000, 0x000000008cf00000, 0x000000008d000000|  0%| F|  |TAMS 0x000000008cf00000| PB 0x000000008cf00000| Untracked |  0
| 208|0x000000008d000000, 0x000000008d000000, 0x000000008d100000|  0%| F|  |TAMS 0x000000008d000000| PB 0x000000008d000000| Untracked |  0
| 209|0x000000008d100000, 0x000000008d100000, 0x000000008d200000|  0%| F|  |TAMS 0x000000008d100000| PB 0x000000008d100000| Untracked |  0
| 210|0x000000008d200000, 0x000000008d200000, 0x000000008d300000|  0%| F|  |TAMS 0x000000008d200000| PB 0x000000008d200000| Untracked |  0
| 211|0x000000008d300000, 0x000000008d300000, 0x000000008d400000|  0%| F|  |TAMS 0x000000008d300000| PB 0x000000008d300000| Untracked |  0
| 212|0x000000008d400000, 0x000000008d400000, 0x000000008d500000|  0%| F|  |TAMS 0x000000008d400000| PB 0x000000008d400000| Untracked |  0
| 213|0x000000008d500000, 0x000000008d500000, 0x000000008d600000|  0%| F|  |TAMS 0x000000008d500000| PB 0x000000008d500000| Untracked |  0
| 214|0x000000008d600000, 0x000000008d600000, 0x000000008d700000|  0%| F|  |TAMS 0x000000008d600000| PB 0x000000008d600000| Untracked |  0
| 215|0x000000008d700000, 0x000000008d700000, 0x000000008d800000|  0%| F|  |TAMS 0x000000008d700000| PB 0x000000008d700000| Untracked |  0
| 216|0x000000008d800000, 0x000000008d800000, 0x000000008d900000|  0%| F|  |TAMS 0x000000008d800000| PB 0x000000008d800000| Untracked |  0
| 217|0x000000008d900000, 0x000000008d900000, 0x000000008da00000|  0%| F|  |TAMS 0x000000008d900000| PB 0x000000008d900000| Untracked |  0
| 218|0x000000008da00000, 0x000000008da00000, 0x000000008db00000|  0%| F|  |TAMS 0x000000008da00000| PB 0x000000008da00000| Untracked |  0
| 219|0x000000008db00000, 0x000000008db00000, 0x000000008dc00000|  0%| F|  |TAMS 0x000000008db00000| PB 0x000000008db00000| Untracked |  0
| 220|0x000000008dc00000, 0x000000008dc00000, 0x000000008dd00000|  0%| F|  |TAMS 0x000000008dc00000| PB 0x000000008dc00000| Untracked |  0
| 221|0x000000008dd00000, 0x000000008dd00000, 0x000000008de00000|  0%| F|  |TAMS 0x000000008dd00000| PB 0x000000008dd00000| Untracked |  0
| 222|0x000000008de00000, 0x000000008de00000, 0x000000008df00000|  0%| F|  |TAMS 0x000000008de00000| PB 0x000000008de00000| Untracked |  0
| 223|0x000000008df00000, 0x000000008df00000, 0x000000008e000000|  0%| F|  |TAMS 0x000000008df00000| PB 0x000000008df00000| Untracked |  0
| 224|0x000000008e000000, 0x000000008e000000, 0x000000008e100000|  0%| F|  |TAMS 0x000000008e000000| PB 0x000000008e000000| Untracked |  0
| 225|0x000000008e100000, 0x000000008e100000, 0x000000008e200000|  0%| F|  |TAMS 0x000000008e100000| PB 0x000000008e100000| Untracked |  0
| 226|0x000000008e200000, 0x000000008e200000, 0x000000008e300000|  0%| F|  |TAMS 0x000000008e200000| PB 0x000000008e200000| Untracked |  0
| 227|0x000000008e300000, 0x000000008e300000, 0x000000008e400000|  0%| F|  |TAMS 0x000000008e300000| PB 0x000000008e300000| Untracked |  0
| 228|0x000000008e400000, 0x000000008e400000, 0x000000008e500000|  0%| F|  |TAMS 0x000000008e400000| PB 0x000000008e400000| Untracked |  0
| 229|0x000000008e500000, 0x000000008e500000, 0x000000008e600000|  0%| F|  |TAMS 0x000000008e500000| PB 0x000000008e500000| Untracked |  0
| 230|0x000000008e600000, 0x000000008e600000, 0x000000008e700000|  0%| F|  |TAMS 0x000000008e600000| PB 0x000000008e600000| Untracked |  0
| 231|0x000000008e700000, 0x000000008e700000, 0x000000008e800000|  0%| F|  |TAMS 0x000000008e700000| PB 0x000000008e700000| Untracked |  0
| 232|0x000000008e800000, 0x000000008e800000, 0x000000008e900000|  0%| F|  |TAMS 0x000000008e800000| PB 0x000000008e800000| Untracked |  0
| 233|0x000000008e900000, 0x000000008e900000, 0x000000008ea00000|  0%| F|  |TAMS 0x000000008e900000| PB 0x000000008e900000| Untracked |  0
| 234|0x000000008ea00000, 0x000000008ea00000, 0x000000008eb00000|  0%| F|  |TAMS 0x000000008ea00000| PB 0x000000008ea00000| Untracked |  0
| 235|0x000000008eb00000, 0x000000008eb00000, 0x000000008ec00000|  0%| F|  |TAMS 0x000000008eb00000| PB 0x000000008eb00000| Untracked |  0
| 236|0x000000008ec00000, 0x000000008ec00000, 0x000000008ed00000|  0%| F|  |TAMS 0x000000008ec00000| PB 0x000000008ec00000| Untracked |  0
| 237|0x000000008ed00000, 0x000000008ed00000, 0x000000008ee00000|  0%| F|  |TAMS 0x000000008ed00000| PB 0x000000008ed00000| Untracked |  0
| 238|0x000000008ee00000, 0x000000008ee00000, 0x000000008ef00000|  0%| F|  |TAMS 0x000000008ee00000| PB 0x000000008ee00000| Untracked |  0
| 239|0x000000008ef00000, 0x000000008ef00000, 0x000000008f000000|  0%| F|  |TAMS 0x000000008ef00000| PB 0x000000008ef00000| Untracked |  0
| 240|0x000000008f000000, 0x000000008f000000, 0x000000008f100000|  0%| F|  |TAMS 0x000000008f000000| PB 0x000000008f000000| Untracked |  0
| 241|0x000000008f100000, 0x000000008f100000, 0x000000008f200000|  0%| F|  |TAMS 0x000000008f100000| PB 0x000000008f100000| Untracked |  0
| 242|0x000000008f200000, 0x000000008f200000, 0x000000008f300000|  0%| F|  |TAMS 0x000000008f200000| PB 0x000000008f200000| Untracked |  0
| 243|0x000000008f300000, 0x000000008f300000, 0x000000008f400000|  0%| F|  |TAMS 0x000000008f300000| PB 0x000000008f300000| Untracked |  0
| 244|0x000000008f400000, 0x000000008f400000, 0x000000008f500000|  0%| F|  |TAMS 0x000000008f400000| PB 0x000000008f400000| Untracked |  0
| 245|0x000000008f500000, 0x000000008f500000, 0x000000008f600000|  0%| F|  |TAMS 0x000000008f500000| PB 0x000000008f500000| Untracked |  0
| 246|0x000000008f600000, 0x000000008f600000, 0x000000008f700000|  0%| F|  |TAMS 0x000000008f600000| PB 0x000000008f600000| Untracked |  0
| 247|0x000000008f700000, 0x000000008f700000, 0x000000008f800000|  0%| F|  |TAMS 0x000000008f700000| PB 0x000000008f700000| Untracked |  0
| 248|0x000000008f800000, 0x000000008f800000, 0x000000008f900000|  0%| F|  |TAMS 0x000000008f800000| PB 0x000000008f800000| Untracked |  0
| 249|0x000000008f900000, 0x000000008f900000, 0x000000008fa00000|  0%| F|  |TAMS 0x000000008f900000| PB 0x000000008f900000| Untracked |  0
| 250|0x000000008fa00000, 0x000000008fa00000, 0x000000008fb00000|  0%| F|  |TAMS 0x000000008fa00000| PB 0x000000008fa00000| Untracked |  0
| 251|0x000000008fb00000, 0x000000008fb00000, 0x000000008fc00000|  0%| F|  |TAMS 0x000000008fb00000| PB 0x000000008fb00000| Untracked |  0
| 252|0x000000008fc00000, 0x000000008fc00000, 0x000000008fd00000|  0%| F|  |TAMS 0x000000008fc00000| PB 0x000000008fc00000| Untracked |  0
| 253|0x000000008fd00000, 0x000000008fd00000, 0x000000008fe00000|  0%| F|  |TAMS 0x000000008fd00000| PB 0x000000008fd00000| Untracked |  0
| 254|0x000000008fe00000, 0x000000008fe00000, 0x000000008ff00000|  0%| F|  |TAMS 0x000000008fe00000| PB 0x000000008fe00000| Untracked |  0
| 255|0x000000008ff00000, 0x000000008ff00000, 0x0000000090000000|  0%| F|  |TAMS 0x000000008ff00000| PB 0x000000008ff00000| Untracked |  0
| 256|0x0000000090000000, 0x0000000090000000, 0x0000000090100000|  0%| F|  |TAMS 0x0000000090000000| PB 0x0000000090000000| Untracked |  0
| 257|0x0000000090100000, 0x0000000090100000, 0x0000000090200000|  0%| F|  |TAMS 0x0000000090100000| PB 0x0000000090100000| Untracked |  0
| 258|0x0000000090200000, 0x0000000090200000, 0x0000000090300000|  0%| F|  |TAMS 0x0000000090200000| PB 0x0000000090200000| Untracked |  0
| 259|0x0000000090300000, 0x0000000090300000, 0x0000000090400000|  0%| F|  |TAMS 0x0000000090300000| PB 0x0000000090300000| Untracked |  0
| 260|0x0000000090400000, 0x0000000090400000, 0x0000000090500000|  0%| F|  |TAMS 0x0000000090400000| PB 0x0000000090400000| Untracked |  0
| 261|0x0000000090500000, 0x0000000090500000, 0x0000000090600000|  0%| F|  |TAMS 0x0000000090500000| PB 0x0000000090500000| Untracked |  0
| 262|0x0000000090600000, 0x0000000090600000, 0x0000000090700000|  0%| F|  |TAMS 0x0000000090600000| PB 0x0000000090600000| Untracked |  0
| 263|0x0000000090700000, 0x0000000090700000, 0x0000000090800000|  0%| F|  |TAMS 0x0000000090700000| PB 0x0000000090700000| Untracked |  0
| 264|0x0000000090800000, 0x0000000090800000, 0x0000000090900000|  0%| F|  |TAMS 0x0000000090800000| PB 0x0000000090800000| Untracked |  0
| 265|0x0000000090900000, 0x0000000090900000, 0x0000000090a00000|  0%| F|  |TAMS 0x0000000090900000| PB 0x0000000090900000| Untracked |  0
| 266|0x0000000090a00000, 0x0000000090a00000, 0x0000000090b00000|  0%| F|  |TAMS 0x0000000090a00000| PB 0x0000000090a00000| Untracked |  0
| 267|0x0000000090b00000, 0x0000000090b00000, 0x0000000090c00000|  0%| F|  |TAMS 0x0000000090b00000| PB 0x0000000090b00000| Untracked |  0
| 268|0x0000000090c00000, 0x0000000090c00000, 0x0000000090d00000|  0%| F|  |TAMS 0x0000000090c00000| PB 0x0000000090c00000| Untracked |  0
| 269|0x0000000090d00000, 0x0000000090d00000, 0x0000000090e00000|  0%| F|  |TAMS 0x0000000090d00000| PB 0x0000000090d00000| Untracked |  0
| 270|0x0000000090e00000, 0x0000000090e00000, 0x0000000090f00000|  0%| F|  |TAMS 0x0000000090e00000| PB 0x0000000090e00000| Untracked |  0
| 271|0x0000000090f00000, 0x0000000090f00000, 0x0000000091000000|  0%| F|  |TAMS 0x0000000090f00000| PB 0x0000000090f00000| Untracked |  0
| 272|0x0000000091000000, 0x0000000091000000, 0x0000000091100000|  0%| F|  |TAMS 0x0000000091000000| PB 0x0000000091000000| Untracked |  0
| 273|0x0000000091100000, 0x0000000091100000, 0x0000000091200000|  0%| F|  |TAMS 0x0000000091100000| PB 0x0000000091100000| Untracked |  0
| 274|0x0000000091200000, 0x0000000091200000, 0x0000000091300000|  0%| F|  |TAMS 0x0000000091200000| PB 0x0000000091200000| Untracked |  0
| 275|0x0000000091300000, 0x0000000091400000, 0x0000000091400000|100%| S|CS|TAMS 0x0000000091300000| PB 0x0000000091300000| Complete |  0
| 276|0x0000000091400000, 0x0000000091500000, 0x0000000091500000|100%| S|CS|TAMS 0x0000000091400000| PB 0x0000000091400000| Complete |  0
| 277|0x0000000091500000, 0x0000000091500000, 0x0000000091600000|  0%| F|  |TAMS 0x0000000091500000| PB 0x0000000091500000| Untracked |  0
| 278|0x0000000091600000, 0x0000000091600000, 0x0000000091700000|  0%| F|  |TAMS 0x0000000091600000| PB 0x0000000091600000| Untracked |  0
| 279|0x0000000091700000, 0x0000000091700000, 0x0000000091800000|  0%| F|  |TAMS 0x0000000091700000| PB 0x0000000091700000| Untracked |  0
| 280|0x0000000091800000, 0x0000000091800000, 0x0000000091900000|  0%| F|  |TAMS 0x0000000091800000| PB 0x0000000091800000| Untracked |  0
|2026|0x00000000fea00000, 0x00000000feb00000, 0x00000000feb00000|100%| O|  |TAMS 0x00000000feb00000| PB 0x00000000fea00000| Untracked |  0
|2027|0x00000000feb00000, 0x00000000fec00000, 0x00000000fec00000|100%| O|  |TAMS 0x00000000fec00000| PB 0x00000000feb00000| Untracked |  0
|2028|0x00000000fec00000, 0x00000000fed00000, 0x00000000fed00000|100%| O|  |TAMS 0x00000000fed00000| PB 0x00000000fec00000| Untracked |  0
|2029|0x00000000fed00000, 0x00000000fee00000, 0x00000000fee00000|100%| O|  |TAMS 0x00000000fee00000| PB 0x00000000fed00000| Untracked |  0
|2030|0x00000000fee00000, 0x00000000fee00000, 0x00000000fef00000|  0%| F|  |TAMS 0x00000000fee00000| PB 0x00000000fee00000| Untracked |  0
|2031|0x00000000fef00000, 0x00000000ff000000, 0x00000000ff000000|100%| O|  |TAMS 0x00000000ff000000| PB 0x00000000fef00000| Untracked |  0
|2032|0x00000000ff000000, 0x00000000ff000000, 0x00000000ff100000|  0%| F|  |TAMS 0x00000000ff000000| PB 0x00000000ff000000| Untracked |  0
|2033|0x00000000ff100000, 0x00000000ff100000, 0x00000000ff200000|  0%| F|  |TAMS 0x00000000ff100000| PB 0x00000000ff100000| Untracked |  0
|2034|0x00000000ff200000, 0x00000000ff200000, 0x00000000ff300000|  0%| F|  |TAMS 0x00000000ff200000| PB 0x00000000ff200000| Untracked |  0
|2035|0x00000000ff300000, 0x00000000ff300000, 0x00000000ff400000|  0%| F|  |TAMS 0x00000000ff300000| PB 0x00000000ff300000| Untracked |  0
|2036|0x00000000ff400000, 0x00000000ff400000, 0x00000000ff500000|  0%| F|  |TAMS 0x00000000ff400000| PB 0x00000000ff400000| Untracked |  0
|2037|0x00000000ff500000, 0x00000000ff500000, 0x00000000ff600000|  0%| F|  |TAMS 0x00000000ff500000| PB 0x00000000ff500000| Untracked |  0
|2038|0x00000000ff600000, 0x00000000ff600000, 0x00000000ff700000|  0%| F|  |TAMS 0x00000000ff600000| PB 0x00000000ff600000| Untracked |  0
|2039|0x00000000ff700000, 0x00000000ff700000, 0x00000000ff800000|  0%| F|  |TAMS 0x00000000ff700000| PB 0x00000000ff700000| Untracked |  0
|2040|0x00000000ff800000, 0x00000000ff900000, 0x00000000ff900000|100%| O|  |TAMS 0x00000000ff900000| PB 0x00000000ff800000| Untracked |  0
|2041|0x00000000ff900000, 0x00000000ffa00000, 0x00000000ffa00000|100%| O|  |TAMS 0x00000000ffa00000| PB 0x00000000ff900000| Untracked |  0
|2042|0x00000000ffa00000, 0x00000000ffb00000, 0x00000000ffb00000|100%| O|  |TAMS 0x00000000ffb00000| PB 0x00000000ffa00000| Untracked |  0
|2043|0x00000000ffb00000, 0x00000000ffb00000, 0x00000000ffc00000|  0%| F|  |TAMS 0x00000000ffb00000| PB 0x00000000ffb00000| Untracked |  0
|2044|0x00000000ffc00000, 0x00000000ffc00000, 0x00000000ffd00000|  0%| F|  |TAMS 0x00000000ffc00000| PB 0x00000000ffc00000| Untracked |  0
|2045|0x00000000ffd00000, 0x00000000ffe00000, 0x00000000ffe00000|100%| O|  |TAMS 0x00000000ffe00000| PB 0x00000000ffd00000| Untracked |  0
|2046|0x00000000ffe00000, 0x00000000fff00000, 0x00000000fff00000|100%| O|  |TAMS 0x00000000fff00000| PB 0x00000000ffe00000| Untracked |  0
|2047|0x00000000fff00000, 0x0000000100000000, 0x0000000100000000|100%| O|  |TAMS 0x0000000100000000| PB 0x00000000fff00000| Untracked |  0

Card table byte_map: [0x000002467dbf0000,0x000002467dff0000] _byte_map_base: 0x000002467d7f0000

Marking Bits: (CMBitMap*) 0x000002467d780720
 Bits: [0x000002467dff0000, 0x000002467fff0000)

Polling page: 0x000002467b4f0000

Metaspace:
Metaspace        used 148194K, committed 150208K, reserved 1179648K
 class space     used 20498K, committed 21440K, reserved 1048576K

Usage:
  Non-class:    124.70 MB used.
      Class:     20.02 MB used.
       Both:    144.72 MB used.

Virtual space:
  Non-class space:      128.00 MB reserved,     125.75 MB ( 98%) committed,  2 nodes.
      Class space:        1.00 GB reserved,      20.94 MB (  2%) committed,  1 nodes.
             Both:        1.12 GB reserved,     146.69 MB ( 13%) committed. 

Chunk freelists:
   Non-Class:  2.22 MB
       Class:  10.91 MB
        Both:  13.13 MB

MaxMetaspaceSize: unlimited
CompressedClassSpaceSize: 1.00 GB
Initial GC threshold: 21.00 MB
Current GC threshold: 242.94 MB
CDS: off
 - commit_granule_bytes: 65536.
 - commit_granule_words: 8192.
 - virtual_space_node_default_size: 8388608.
 - enlarge_chunks_in_place: 1.
UseCompressedClassPointers 1, UseCompactObjectHeaders 0
Narrow klass pointer bits 32, Max shift 3
Narrow klass base: 0x0000000000000000, Narrow klass shift: 0
Encoding Range: [0x0000000000000000 - 0x0000000100000000), (4294967296 bytes)
Klass Range:    [0x000000003f000000 - 0x000000007f000000), (1073741824 bytes)
Klass ID Range:  [1056964608 - 2130706425) (1073741817)
No protection zone.


Internal statistics:

num_allocs_failed_limit: 6.
num_arena_births: 3696.
num_arena_deaths: 0.
num_vsnodes_births: 3.
num_vsnodes_deaths: 0.
num_space_committed: 2347.
num_space_uncommitted: 0.
num_chunks_returned_to_freelist: 6.
num_chunks_taken_from_freelist: 9018.
num_chunk_merges: 6.
num_chunk_splits: 6459.
num_chunks_enlarged: 4754.
num_inconsistent_stats: 0.

CodeHeap 'non-profiled nmethods': size=120064Kb used=5677Kb max_used=5677Kb free=114387Kb
 bounds [0x000002460af00000, 0x000002460b490000, 0x0000024612440000]
CodeHeap 'profiled nmethods': size=120064Kb used=18986Kb max_used=19234Kb free=101077Kb
 bounds [0x0000024603430000, 0x0000024604710000, 0x000002460a970000]
CodeHeap 'non-nmethods': size=5696Kb used=2304Kb max_used=2481Kb free=3391Kb
 bounds [0x000002460a970000, 0x000002460abf0000, 0x000002460af00000]
CodeCache: size=245824Kb, used=26967Kb, max_used=27392Kb, free=218855Kb
 total_blobs=13827, nmethods=12662, adapters=1065, full_count=0
Compilation: enabled, stopped_count=0, restarted_count=0

Compilation events (20 events):
Event: 176.170 Thread 0x00000246145cdf20 nmethod 14924 0x000002460b488e08 code [0x000002460b488f00, 0x000002460b488fc8]
Event: 176.170 Thread 0x00000246145cdf20 14925       1       org.jetbrains.kotlin.metadata.jvm.JvmModuleProtoBuf$Module::getMetadataPartsList (5 bytes)
Event: 176.170 Thread 0x00000246145cdf20 nmethod 14925 0x000002460b489108 code [0x000002460b489200, 0x000002460b4892c8]
Event: 176.170 Thread 0x00000246145cdf20 14926       1       org.jetbrains.kotlin.metadata.jvm.JvmModuleProtoBuf$Module::getStringTable (5 bytes)
Event: 176.171 Thread 0x00000246145cdf20 nmethod 14926 0x000002460b489408 code [0x000002460b489500, 0x000002460b4895c8]
Event: 176.171 Thread 0x00000246145cdf20 14927       1       org.jetbrains.kotlin.metadata.jvm.JvmModuleProtoBuf$Module::getAnnotationList (5 bytes)
Event: 176.171 Thread 0x00000246145cdf20 nmethod 14927 0x000002460b489708 code [0x000002460b489800, 0x000002460b4898c8]
Event: 176.171 Thread 0x00000246145cdf20 14928       1       org.jetbrains.kotlin.metadata.jvm.JvmModuleProtoBuf$Module::getOptionalAnnotationClassList (5 bytes)
Event: 176.171 Thread 0x00000246145cdf20 nmethod 14928 0x000002460b489a08 code [0x000002460b489b00, 0x000002460b489bc8]
Event: 176.202 Thread 0x00000246145cdf20 14929       3       org.jetbrains.kotlin.com.intellij.util.SmartList::add (94 bytes)
Event: 176.202 Thread 0x00000246145aef00 14930       4       org.jetbrains.kotlin.protobuf.CodedInputStream::readBytes (101 bytes)
Event: 176.203 Thread 0x00000246145cdf20 nmethod 14929 0x00000246041c6008 code [0x00000246041c6100, 0x00000246041c6818]
Event: 176.212 Thread 0x00000246145aef00 nmethod 14930 0x000002460b489d08 code [0x000002460b489e00, 0x000002460b48a3c8]
Event: 176.213 Thread 0x00000246145aef00 14931       4       org.jetbrains.kotlin.protobuf.ByteString::copyFrom (21 bytes)
Event: 176.215 Thread 0x00000246145aef00 nmethod 14931 0x000002460b48a408 code [0x000002460b48a500, 0x000002460b48a700]
Event: 176.231 Thread 0x00000246145aef00 14932       4       java.lang.reflect.Method::invoke (108 bytes)
Event: 176.267 Thread 0x00000246145aef00 nmethod 14932 0x000002460b48a788 code [0x000002460b48a880, 0x000002460b48b3c8]
Event: 176.269 Thread 0x00000246145cdf20 14933   !   3       org.jetbrains.kotlin.metadata.ProtoBuf$StringTable::<init> (321 bytes)
Event: 176.271 Thread 0x00000246145aef00 14934       4       org.jetbrains.kotlin.metadata.ProtoBuf$Annotation$Argument$Value$Type::valueOf (122 bytes)
Event: 176.275 Thread 0x00000246145cdf20 nmethod 14933 0x0000024604509108 code [0x0000024604509200, 0x000002460450c378]

GC Heap Usage History (20 events):
Event: 130.380 {heap After GC invocations=46 (full 0):
 garbage-first heap   total reserved 2097152K, committed 219136K, used 159232K [0x0000000080000000, 0x0000000100000000)
  region size 1024K, 8 young (8192K), 8 survivors (8192K)
}
Event: 137.384 {heap Before GC invocations=47 (full 0):
 garbage-first heap   total reserved 2097152K, committed 234496K, used 175616K [0x0000000080000000, 0x0000000100000000)
  region size 1024K, 44 young (45056K), 8 survivors (8192K)
}
Event: 137.682 {heap After GC invocations=48 (full 0):
 garbage-first heap   total reserved 2097152K, committed 234496K, used 143360K [0x0000000080000000, 0x0000000100000000)
  region size 1024K, 3 young (3072K), 3 survivors (3072K)
}
Event: 144.057 {heap Before GC invocations=48 (full 0):
 garbage-first heap   total reserved 2097152K, committed 234496K, used 200704K [0x0000000080000000, 0x0000000100000000)
  region size 1024K, 60 young (61440K), 3 survivors (3072K)
}
Event: 144.109 {heap After GC invocations=49 (full 0):
 garbage-first heap   total reserved 2097152K, committed 234496K, used 140800K [0x0000000080000000, 0x0000000100000000)
  region size 1024K, 8 young (8192K), 8 survivors (8192K)
}
Event: 147.152 {heap Before GC invocations=49 (full 0):
 garbage-first heap   total reserved 2097152K, committed 234496K, used 185856K [0x0000000080000000, 0x0000000100000000)
  region size 1024K, 53 young (54272K), 8 survivors (8192K)
}
Event: 147.261 {heap After GC invocations=50 (full 0):
 garbage-first heap   total reserved 2097152K, committed 234496K, used 139776K [0x0000000080000000, 0x0000000100000000)
  region size 1024K, 4 young (4096K), 4 survivors (4096K)
}
Event: 149.980 {heap Before GC invocations=50 (full 0):
 garbage-first heap   total reserved 2097152K, committed 234496K, used 193024K [0x0000000080000000, 0x0000000100000000)
  region size 1024K, 56 young (57344K), 4 survivors (4096K)
}
Event: 150.037 {heap After GC invocations=51 (full 0):
 garbage-first heap   total reserved 2097152K, committed 234496K, used 141824K [0x0000000080000000, 0x0000000100000000)
  region size 1024K, 7 young (7168K), 7 survivors (7168K)
}
Event: 152.043 {heap Before GC invocations=51 (full 0):
 garbage-first heap   total reserved 2097152K, committed 234496K, used 173568K [0x0000000080000000, 0x0000000100000000)
  region size 1024K, 38 young (38912K), 7 survivors (7168K)
}
Event: 152.669 {heap After GC invocations=52 (full 0):
 garbage-first heap   total reserved 2097152K, committed 310272K, used 143360K [0x0000000080000000, 0x0000000100000000)
  region size 1024K, 2 young (2048K), 2 survivors (2048K)
}
Event: 155.360 {heap Before GC invocations=53 (full 0):
 garbage-first heap   total reserved 2097152K, committed 310272K, used 165888K [0x0000000080000000, 0x0000000100000000)
  region size 1024K, 24 young (24576K), 2 survivors (2048K)
}
Event: 155.378 {heap After GC invocations=54 (full 0):
 garbage-first heap   total reserved 2097152K, committed 310272K, used 143826K [0x0000000080000000, 0x0000000100000000)
  region size 1024K, 2 young (2048K), 2 survivors (2048K)
}
Event: 172.090 {heap Before GC invocations=54 (full 0):
 garbage-first heap   total reserved 2097152K, committed 310272K, used 255442K [0x0000000080000000, 0x0000000100000000)
  region size 1024K, 112 young (114688K), 2 survivors (2048K)
}
Event: 172.784 {heap After GC invocations=55 (full 0):
 garbage-first heap   total reserved 2097152K, committed 310272K, used 171008K [0x0000000080000000, 0x0000000100000000)
  region size 1024K, 14 young (14336K), 14 survivors (14336K)
}
Event: 172.813 {heap Before GC invocations=55 (full 0):
 garbage-first heap   total reserved 2097152K, committed 310272K, used 172032K [0x0000000080000000, 0x0000000100000000)
  region size 1024K, 15 young (15360K), 14 survivors (14336K)
}
Event: 172.959 {heap After GC invocations=56 (full 0):
 garbage-first heap   total reserved 2097152K, committed 310272K, used 172544K [0x0000000080000000, 0x0000000100000000)
  region size 1024K, 1 young (1024K), 1 survivors (1024K)
}
Event: 173.120 {heap Before GC invocations=56 (full 0):
 garbage-first heap   total reserved 2097152K, committed 310272K, used 178688K [0x0000000080000000, 0x0000000100000000)
  region size 1024K, 8 young (8192K), 1 survivors (1024K)
}
Event: 173.197 {heap After GC invocations=57 (full 0):
 garbage-first heap   total reserved 2097152K, committed 310272K, used 176128K [0x0000000080000000, 0x0000000100000000)
  region size 1024K, 2 young (2048K), 2 survivors (2048K)
}
Event: 176.279 {heap Before GC invocations=57 (full 0):
 garbage-first heap   total reserved 2097152K, committed 310272K, used 190464K [0x0000000080000000, 0x0000000100000000)
  region size 1024K, 15 young (15360K), 2 survivors (2048K)
}

Metaspace Usage History (20 events):
Event: 130.380 {metaspace After GC invocations=46 (full 0):
 Metaspace       used 146054K, committed 148096K, reserved 1179648K
  class space    used 20268K, committed 21184K, reserved 1048576K
}
Event: 137.384 {metaspace Before GC invocations=47 (full 0):
 Metaspace       used 146758K, committed 148800K, reserved 1179648K
  class space    used 20335K, committed 21248K, reserved 1048576K
}
Event: 137.682 {metaspace After GC invocations=48 (full 0):
 Metaspace       used 146758K, committed 148800K, reserved 1179648K
  class space    used 20335K, committed 21248K, reserved 1048576K
}
Event: 144.057 {metaspace Before GC invocations=48 (full 0):
 Metaspace       used 146939K, committed 148928K, reserved 1179648K
  class space    used 20335K, committed 21248K, reserved 1048576K
}
Event: 144.109 {metaspace After GC invocations=49 (full 0):
 Metaspace       used 146939K, committed 148928K, reserved 1179648K
  class space    used 20335K, committed 21248K, reserved 1048576K
}
Event: 147.152 {metaspace Before GC invocations=49 (full 0):
 Metaspace       used 147000K, committed 149120K, reserved 1179648K
  class space    used 20338K, committed 21312K, reserved 1048576K
}
Event: 147.261 {metaspace After GC invocations=50 (full 0):
 Metaspace       used 147000K, committed 149120K, reserved 1179648K
  class space    used 20338K, committed 21312K, reserved 1048576K
}
Event: 149.980 {metaspace Before GC invocations=50 (full 0):
 Metaspace       used 147067K, committed 149120K, reserved 1179648K
  class space    used 20338K, committed 21312K, reserved 1048576K
}
Event: 150.037 {metaspace After GC invocations=51 (full 0):
 Metaspace       used 147067K, committed 149120K, reserved 1179648K
  class space    used 20338K, committed 21312K, reserved 1048576K
}
Event: 152.043 {metaspace Before GC invocations=51 (full 0):
 Metaspace       used 147162K, committed 149248K, reserved 1179648K
  class space    used 20338K, committed 21312K, reserved 1048576K
}
Event: 152.669 {metaspace After GC invocations=52 (full 0):
 Metaspace       used 147162K, committed 149248K, reserved 1179648K
  class space    used 20338K, committed 21312K, reserved 1048576K
}
Event: 155.360 {metaspace Before GC invocations=53 (full 0):
 Metaspace       used 147168K, committed 149248K, reserved 1179648K
  class space    used 20338K, committed 21312K, reserved 1048576K
}
Event: 155.378 {metaspace After GC invocations=54 (full 0):
 Metaspace       used 147168K, committed 149248K, reserved 1179648K
  class space    used 20338K, committed 21312K, reserved 1048576K
}
Event: 172.090 {metaspace Before GC invocations=54 (full 0):
 Metaspace       used 148161K, committed 150144K, reserved 1179648K
  class space    used 20497K, committed 21440K, reserved 1048576K
}
Event: 172.784 {metaspace After GC invocations=55 (full 0):
 Metaspace       used 148161K, committed 150144K, reserved 1179648K
  class space    used 20497K, committed 21440K, reserved 1048576K
}
Event: 172.815 {metaspace Before GC invocations=55 (full 0):
 Metaspace       used 148161K, committed 150144K, reserved 1179648K
  class space    used 20497K, committed 21440K, reserved 1048576K
}
Event: 172.960 {metaspace After GC invocations=56 (full 0):
 Metaspace       used 148161K, committed 150144K, reserved 1179648K
  class space    used 20497K, committed 21440K, reserved 1048576K
}
Event: 173.120 {metaspace Before GC invocations=56 (full 0):
 Metaspace       used 148161K, committed 150144K, reserved 1179648K
  class space    used 20497K, committed 21440K, reserved 1048576K
}
Event: 173.197 {metaspace After GC invocations=57 (full 0):
 Metaspace       used 148161K, committed 150144K, reserved 1179648K
  class space    used 20497K, committed 21440K, reserved 1048576K
}
Event: 176.279 {metaspace Before GC invocations=57 (full 0):
 Metaspace       used 148194K, committed 150208K, reserved 1179648K
  class space    used 20498K, committed 21440K, reserved 1048576K
}

Dll operation events (3 events):
Event: 0.819 Loaded shared library C:\Program Files\Android\Android Studio\jbr\bin\java.dll
Event: 1.387 Loaded shared library C:\Program Files\Android\Android Studio\jbr\bin\zip.dll
Event: 6.567 Loaded shared library C:\Program Files\Android\Android Studio\jbr\bin\verify.dll

Deoptimization events (20 events):
Event: 168.769 Thread 0x000002461a70ed30 DEOPT PACKING pc=0x000002460afa6184 sp=0x0000004c140f28f0
Event: 168.769 Thread 0x000002461a70ed30 DEOPT UNPACKING pc=0x000002460aa82cfc sp=0x0000004c140f2880 mode 2
Event: 168.877 Thread 0x000002461a70ed30 DEOPT PACKING pc=0x0000024603d7cf5f sp=0x0000004c140f27a0
Event: 168.877 Thread 0x000002461a70ed30 DEOPT UNPACKING pc=0x000002460a9c1063 sp=0x0000004c140f1d70 mode 0
Event: 170.326 Thread 0x000002461a70ed30 DEOPT PACKING pc=0x0000024603d7cf5f sp=0x0000004c140f27a0
Event: 170.326 Thread 0x000002461a70ed30 DEOPT UNPACKING pc=0x000002460a9c1063 sp=0x0000004c140f1d70 mode 0
Event: 171.042 Thread 0x000002461a70ed30 DEOPT PACKING pc=0x0000024603d7cf5f sp=0x0000004c140f27a0
Event: 171.042 Thread 0x000002461a70ed30 DEOPT UNPACKING pc=0x000002460a9c1063 sp=0x0000004c140f1d70 mode 0
Event: 171.719 Thread 0x000002461a70ed30 DEOPT PACKING pc=0x0000024603d7cf5f sp=0x0000004c140f27a0
Event: 171.719 Thread 0x000002461a70ed30 DEOPT UNPACKING pc=0x000002460a9c1063 sp=0x0000004c140f1d70 mode 0
Event: 171.865 Thread 0x000002461a70ed30 DEOPT PACKING pc=0x0000024603d7cf5f sp=0x0000004c140f27a0
Event: 171.865 Thread 0x000002461a70ed30 DEOPT UNPACKING pc=0x000002460a9c1063 sp=0x0000004c140f1d70 mode 0
Event: 175.589 Thread 0x000002461a70ed30 Uncommon trap: trap_request=0xfffffff4 fr.pc=0x000002460b294e98 relative=0x0000000000002f98
Event: 175.589 Thread 0x000002461a70ed30 Uncommon trap: reason=null_check action=make_not_entrant pc=0x000002460b294e98 method=org.jetbrains.kotlin.protobuf.ExtensionRegistryLite.findLiteExtensionByNumber(Lorg/jetbrains/kotlin/protobuf/MessageLite;I)Lorg/jetbrains/kotlin/protobuf/GeneratedMessag
Event: 175.589 Thread 0x000002461a70ed30 DEOPT PACKING pc=0x000002460b294e98 sp=0x0000004c140f1c60
Event: 175.589 Thread 0x000002461a70ed30 DEOPT UNPACKING pc=0x000002460aa82cfc sp=0x0000004c140f1ba8 mode 2
Event: 175.593 Thread 0x000002461a70ed30 Uncommon trap: trap_request=0xfffffff4 fr.pc=0x000002460b297698 relative=0x0000000000000298
Event: 175.593 Thread 0x000002461a70ed30 Uncommon trap: reason=null_check action=make_not_entrant pc=0x000002460b297698 method=org.jetbrains.kotlin.protobuf.ExtensionRegistryLite.findLiteExtensionByNumber(Lorg/jetbrains/kotlin/protobuf/MessageLite;I)Lorg/jetbrains/kotlin/protobuf/GeneratedMessag
Event: 175.593 Thread 0x000002461a70ed30 DEOPT PACKING pc=0x000002460b297698 sp=0x0000004c140f1bf0
Event: 175.593 Thread 0x000002461a70ed30 DEOPT UNPACKING pc=0x000002460aa82cfc sp=0x0000004c140f1ba0 mode 2

Classes loaded (20 events):
Event: 111.709 Loading class sun/security/ssl/Alert
Event: 111.710 Loading class sun/security/ssl/Alert done
Event: 111.711 Loading class sun/security/ssl/Alert$AlertConsumer
Event: 111.712 Loading class sun/security/ssl/Alert$AlertConsumer done
Event: 111.712 Loading class sun/security/ssl/Alert$Level
Event: 111.712 Loading class sun/security/ssl/Alert$Level done
Event: 115.715 Loading class java/util/zip/ZipFile$ZipEntryIterator
Event: 115.717 Loading class java/util/zip/ZipFile$ZipEntryIterator done
Event: 136.013 Loading class java/util/Collections$UnmodifiableSortedMap
Event: 136.015 Loading class java/util/Collections$UnmodifiableSortedMap done
Event: 136.017 Loading class java/util/zip/Deflater
Event: 136.019 Loading class java/util/zip/Deflater done
Event: 136.030 Loading class java/util/zip/Deflater$DeflaterZStreamRef
Event: 136.031 Loading class java/util/zip/Deflater$DeflaterZStreamRef done
Event: 156.266 Loading class java/util/stream/SortedOps$RefSortingSink
Event: 156.309 Loading class java/util/stream/SortedOps$RefSortingSink done
Event: 158.090 Loading class java/util/concurrent/Executors$DefaultThreadFactory
Event: 158.099 Loading class java/util/concurrent/Executors$DefaultThreadFactory done
Event: 160.087 Loading class java/lang/reflect/InaccessibleObjectException
Event: 160.115 Loading class java/lang/reflect/InaccessibleObjectException done

Classes unloaded (0 events):
No events

Classes redefined (0 events):
No events

Internal exceptions (20 events):
Event: 161.413 Thread 0x000002461b134900 Exception <a 'sun/nio/fs/WindowsException'{0x000000008fee1b98}> (0x000000008fee1b98) 
thrown [s\src\hotspot\share\prims\jni.cpp, line 535]
Event: 161.425 Thread 0x000002461a70ed30 Exception <a 'sun/nio/fs/WindowsException'{0x0000000090d20500}> (0x0000000090d20500) 
thrown [s\src\hotspot\share\prims\jni.cpp, line 535]
Event: 161.427 Thread 0x000002461a70ed30 Exception <a 'sun/nio/fs/WindowsException'{0x0000000090d278e0}> (0x0000000090d278e0) 
thrown [s\src\hotspot\share\prims\jni.cpp, line 535]
Event: 161.448 Thread 0x000002461a70ed30 Exception <a 'sun/nio/fs/WindowsException'{0x0000000090d314c0}> (0x0000000090d314c0) 
thrown [s\src\hotspot\share\prims\jni.cpp, line 535]
Event: 161.454 Thread 0x000002461a70ed30 Exception <a 'sun/nio/fs/WindowsException'{0x0000000090d32e50}> (0x0000000090d32e50) 
thrown [s\src\hotspot\share\prims\jni.cpp, line 535]
Event: 161.455 Thread 0x000002461a70ed30 Exception <a 'sun/nio/fs/WindowsException'{0x0000000090d36678}> (0x0000000090d36678) 
thrown [s\src\hotspot\share\prims\jni.cpp, line 535]
Event: 161.455 Thread 0x000002461a70ed30 Exception <a 'sun/nio/fs/WindowsException'{0x000000008feeb520}> (0x000000008feeb520) 
thrown [s\src\hotspot\share\prims\jni.cpp, line 535]
Event: 161.459 Thread 0x000002461a70ed30 Exception <a 'sun/nio/fs/WindowsException'{0x000000008fef00d8}> (0x000000008fef00d8) 
thrown [s\src\hotspot\share\prims\jni.cpp, line 535]
Event: 161.459 Thread 0x000002461a70ed30 Exception <a 'sun/nio/fs/WindowsException'{0x000000008fef1f78}> (0x000000008fef1f78) 
thrown [s\src\hotspot\share\prims\jni.cpp, line 535]
Event: 161.459 Thread 0x000002461a70ed30 Exception <a 'sun/nio/fs/WindowsException'{0x000000008fef4070}> (0x000000008fef4070) 
thrown [s\src\hotspot\share\prims\jni.cpp, line 535]
Event: 161.459 Thread 0x000002461a70ed30 Exception <a 'sun/nio/fs/WindowsException'{0x000000008fef6400}> (0x000000008fef6400) 
thrown [s\src\hotspot\share\prims\jni.cpp, line 535]
Event: 161.500 Thread 0x000002461a70ed30 Exception <a 'sun/nio/fs/WindowsException'{0x000000008fef9448}> (0x000000008fef9448) 
thrown [s\src\hotspot\share\prims\jni.cpp, line 535]
Event: 161.500 Thread 0x000002461a70ed30 Exception <a 'sun/nio/fs/WindowsException'{0x000000008fefb2a8}> (0x000000008fefb2a8) 
thrown [s\src\hotspot\share\prims\jni.cpp, line 535]
Event: 161.501 Thread 0x000002461a70ed30 Exception <a 'sun/nio/fs/WindowsException'{0x000000008fefe0f8}> (0x000000008fefe0f8) 
thrown [s\src\hotspot\share\prims\jni.cpp, line 535]
Event: 162.534 Thread 0x000002461a70ed30 Exception <a 'sun/nio/fs/WindowsException'{0x000000008fd45d78}> (0x000000008fd45d78) 
thrown [s\src\hotspot\share\prims\jni.cpp, line 535]
Event: 162.680 Thread 0x000002461a70ed30 Exception <a 'sun/nio/fs/WindowsException'{0x000000008fc68120}> (0x000000008fc68120) 
thrown [s\src\hotspot\share\prims\jni.cpp, line 535]
Event: 162.680 Thread 0x000002461a70ed30 Exception <a 'sun/nio/fs/WindowsException'{0x000000008fc6a4f8}> (0x000000008fc6a4f8) 
thrown [s\src\hotspot\share\prims\jni.cpp, line 535]
Event: 171.592 Thread 0x000002461b134900 Exception <a 'sun/nio/fs/WindowsException'{0x000000008c4e6cc8}> (0x000000008c4e6cc8) 
thrown [s\src\hotspot\share\prims\jni.cpp, line 535]
Event: 175.589 Thread 0x000002461a70ed30 Implicit null exception at 0x000002460b292000 to 0x000002460b294e6d
Event: 175.593 Thread 0x000002461a70ed30 Implicit null exception at 0x000002460b297502 to 0x000002460b29768c

VM Operations (20 events):
Event: 147.261 Executing safepoint VM operation: G1CollectForAllocation (G1 Evacuation Pause) done
Event: 149.980 Executing safepoint VM operation: G1CollectForAllocation (G1 Evacuation Pause)
Event: 150.037 Executing safepoint VM operation: G1CollectForAllocation (G1 Evacuation Pause) done
Event: 152.043 Executing safepoint VM operation: G1CollectForAllocation (G1 Evacuation Pause)
Event: 152.669 Executing safepoint VM operation: G1CollectForAllocation (G1 Evacuation Pause) done
Event: 153.478 Executing safepoint VM operation: G1PauseRemark
Event: 154.463 Executing safepoint VM operation: G1PauseRemark done
Event: 154.589 Executing safepoint VM operation: G1PauseCleanup
Event: 154.589 Executing safepoint VM operation: G1PauseCleanup done
Event: 155.360 Executing safepoint VM operation: G1CollectForAllocation (G1 Evacuation Pause)
Event: 155.378 Executing safepoint VM operation: G1CollectForAllocation (G1 Evacuation Pause) done
Event: 156.229 Executing non-safepoint VM operation: HandshakeAllThreads (Deoptimize)
Event: 156.229 Executing non-safepoint VM operation: HandshakeAllThreads (Deoptimize) done
Event: 172.075 Executing safepoint VM operation: G1CollectForAllocation (G1 Evacuation Pause)
Event: 172.784 Executing safepoint VM operation: G1CollectForAllocation (G1 Evacuation Pause) done
Event: 172.813 Executing safepoint VM operation: G1CollectForAllocation (G1 Evacuation Pause)
Event: 172.960 Executing safepoint VM operation: G1CollectForAllocation (G1 Evacuation Pause) done
Event: 173.120 Executing safepoint VM operation: G1TryInitiateConcMark (G1 Humongous Allocation)
Event: 173.197 Executing safepoint VM operation: G1TryInitiateConcMark (G1 Humongous Allocation) done
Event: 176.272 Executing safepoint VM operation: G1CollectForAllocation (G1 Evacuation Pause)

Memory protections (0 events):
No events

Nmethod flushes (20 events):
Event: 154.457 Thread 0x000002467d7e9810 flushing  nmethod 0x0000024604299c08
Event: 154.457 Thread 0x000002467d7e9810 flushing  nmethod 0x00000246043a9888
Event: 154.457 Thread 0x000002467d7e9810 flushing  nmethod 0x00000246043ab988
Event: 154.457 Thread 0x000002467d7e9810 flushing  nmethod 0x0000024604434a08
Event: 154.457 Thread 0x000002467d7e9810 flushing  nmethod 0x0000024604436308
Event: 154.457 Thread 0x000002467d7e9810 flushing  nmethod 0x0000024604438088
Event: 154.457 Thread 0x000002467d7e9810 flushing  nmethod 0x0000024604468408
Event: 154.457 Thread 0x000002467d7e9810 flushing  nmethod 0x0000024604486088
Event: 154.457 Thread 0x000002467d7e9810 flushing  nmethod 0x00000246044a0388
Event: 154.457 Thread 0x000002467d7e9810 flushing  nmethod 0x00000246044dad08
Event: 154.457 Thread 0x000002467d7e9810 flushing  nmethod 0x0000024604506808
Event: 154.457 Thread 0x000002467d7e9810 flushing  nmethod 0x0000024604508488
Event: 154.457 Thread 0x000002467d7e9810 flushing  nmethod 0x0000024604509108
Event: 154.457 Thread 0x000002467d7e9810 flushing  nmethod 0x0000024604509e08
Event: 154.457 Thread 0x000002467d7e9810 flushing  nmethod 0x000002460450af88
Event: 154.457 Thread 0x000002467d7e9810 flushing  nmethod 0x000002460450b508
Event: 154.457 Thread 0x000002467d7e9810 flushing  nmethod 0x000002460450b888
Event: 154.457 Thread 0x000002467d7e9810 flushing  nmethod 0x000002460450bb88
Event: 154.457 Thread 0x000002467d7e9810 flushing  nmethod 0x000002460450be88
Event: 154.457 Thread 0x000002467d7e9810 flushing  nmethod 0x000002460450cc88

Events (20 events):
Event: 12.702 Thread 0x000002461a70ed30 Thread added: 0x000002461a70c620
Event: 12.710 Thread 0x000002461a70ed30 Thread added: 0x000002461a70cdf0
Event: 16.274 Thread 0x000002461a70ed30 Thread added: 0x000002461a708f70
Event: 16.401 Thread 0x000002461a70ed30 Thread added: 0x000002461a707fd0
Event: 16.777 Thread 0x000002461a70ed30 Thread added: 0x000002461c005fe0
Event: 22.527 Thread 0x000002461a70ed30 Thread added: 0x000002461c0011c0
Event: 22.795 Thread 0x000002461a70ed30 Thread added: 0x000002461c0040a0
Event: 23.527 Thread 0x000002461a70ed30 Thread added: 0x000002461c002160
Event: 23.541 Thread 0x000002461a70ed30 Thread added: 0x000002461c003100
Event: 24.026 Thread 0x000002461a70ed30 Thread added: 0x000002461c001990
Event: 24.026 Thread 0x000002461a70ed30 Thread added: 0x000002461c007750
Event: 27.550 Thread 0x000002461a70ed30 Thread added: 0x000002461b0b0f20
Event: 27.977 Thread 0x000002461a70ed30 Thread added: 0x000002461b0ae040
Event: 29.988 Thread 0x000002461a70ed30 Thread added: 0x000002461b0b2690
Event: 30.442 Thread 0x000002461a70ed30 Thread added: 0x000002461b0b0750
Event: 40.519 Thread 0x000002461a70ed30 Thread added: 0x000002461b0ad870
Event: 40.711 Thread 0x000002461a70ed30 Thread added: 0x000002461b0aff80
Event: 108.423 Thread 0x000002461a70ed30 Thread added: 0x000002461de69aa0
Event: 108.423 Thread 0x000002461a70ed30 Thread added: 0x000002461de6d920
Event: 158.146 Thread 0x000002461a70ed30 Thread added: 0x000002461e7c4b90


Dynamic libraries:
0x00007ff7fa6f0000 - 0x00007ff7fa6fa000 	C:\Program Files\Android\Android Studio\jbr\bin\java.exe
0x00007fffe8e30000 - 0x00007fffe9028000 	C:\WINDOWS\SYSTEM32\ntdll.dll
0x00007fffe6e50000 - 0x00007fffe6f12000 	C:\WINDOWS\System32\KERNEL32.DLL
0x00007fffe6900000 - 0x00007fffe6bf6000 	C:\WINDOWS\System32\KERNELBASE.dll
0x00007fffe6d20000 - 0x00007fffe6e20000 	C:\WINDOWS\System32\ucrtbase.dll
0x00007fffdeab0000 - 0x00007fffdeac6000 	C:\Program Files\Android\Android Studio\jbr\bin\jli.dll
0x00007fffe8450000 - 0x00007fffe85f1000 	C:\WINDOWS\System32\USER32.dll
0x00007fffe6e20000 - 0x00007fffe6e42000 	C:\WINDOWS\System32\win32u.dll
0x00007fffe8b80000 - 0x00007fffe8bab000 	C:\WINDOWS\System32\GDI32.dll
0x00007fffe6550000 - 0x00007fffe6669000 	C:\WINDOWS\System32\gdi32full.dll
0x00007fffe6c80000 - 0x00007fffe6d1d000 	C:\WINDOWS\System32\msvcp_win.dll
0x00007fffd2990000 - 0x00007fffd2c2b000 	C:\WINDOWS\WinSxS\amd64_microsoft.windows.common-controls_6595b64144ccf1df_6.0.19041.6456_none_60b8a6cb71f64256\COMCTL32.dll
0x00007fffe7810000 - 0x00007fffe78ae000 	C:\WINDOWS\System32\msvcrt.dll
0x00007fffe01a0000 - 0x00007fffe01bb000 	C:\Program Files\Android\Android Studio\jbr\bin\VCRUNTIME140.dll
0x00007fffe8bb0000 - 0x00007fffe8bdf000 	C:\WINDOWS\System32\IMM32.DLL
0x00007fffe11c0000 - 0x00007fffe11cc000 	C:\Program Files\Android\Android Studio\jbr\bin\vcruntime140_1.dll
0x00007fffbaef0000 - 0x00007fffbaf7d000 	C:\Program Files\Android\Android Studio\jbr\bin\msvcp140.dll
0x00007fffab5d0000 - 0x00007fffac4ad000 	C:\Program Files\Android\Android Studio\jbr\bin\server\jvm.dll
0x00007fffe7750000 - 0x00007fffe7801000 	C:\WINDOWS\System32\ADVAPI32.dll
0x00007fffe83b0000 - 0x00007fffe844f000 	C:\WINDOWS\System32\sechost.dll
0x00007fffe8620000 - 0x00007fffe8740000 	C:\WINDOWS\System32\RPCRT4.dll
0x00007fffe67d0000 - 0x00007fffe67f7000 	C:\WINDOWS\System32\bcrypt.dll
0x00007fffe74c0000 - 0x00007fffe752b000 	C:\WINDOWS\System32\WS2_32.dll
0x00007fffc99b0000 - 0x00007fffc99d7000 	C:\WINDOWS\SYSTEM32\WINMM.dll
0x00007fffdd7d0000 - 0x00007fffdd7da000 	C:\WINDOWS\SYSTEM32\VERSION.dll
0x00007fffe6320000 - 0x00007fffe636b000 	C:\WINDOWS\SYSTEM32\POWRPROF.dll
0x00007fffe6300000 - 0x00007fffe6312000 	C:\WINDOWS\SYSTEM32\UMPDC.dll
0x00007fffe4510000 - 0x00007fffe4522000 	C:\WINDOWS\SYSTEM32\kernel.appcore.dll
0x00007fffe1170000 - 0x00007fffe117a000 	C:\Program Files\Android\Android Studio\jbr\bin\jimage.dll
0x00007fffe4210000 - 0x00007fffe4411000 	C:\WINDOWS\SYSTEM32\DBGHELP.DLL
0x00007fffc1c70000 - 0x00007fffc1ca4000 	C:\WINDOWS\SYSTEM32\dbgcore.DLL
0x00007fffe64c0000 - 0x00007fffe6542000 	C:\WINDOWS\System32\bcryptPrimitives.dll
0x00007fffdee20000 - 0x00007fffdee2e000 	C:\Program Files\Android\Android Studio\jbr\bin\instrument.dll
0x00007fffdfc60000 - 0x00007fffdfc7e000 	C:\Program Files\Android\Android Studio\jbr\bin\java.dll
0x00007fffe8be0000 - 0x00007fffe8d0b000 	C:\WINDOWS\System32\ole32.dll
0x00007fffe87c0000 - 0x00007fffe8b14000 	C:\WINDOWS\System32\combase.dll
0x00007fffe7b20000 - 0x00007fffe8290000 	C:\WINDOWS\System32\SHELL32.dll
0x00007fffdedc0000 - 0x00007fffdedd6000 	C:\Program Files\Android\Android Studio\jbr\bin\zip.dll
0x00007fffe4530000 - 0x00007fffe4cd5000 	C:\WINDOWS\SYSTEM32\windows.storage.dll
0x00007fffe5e10000 - 0x00007fffe5e3b000 	C:\WINDOWS\SYSTEM32\Wldp.dll
0x00007fffe73f0000 - 0x00007fffe74bd000 	C:\WINDOWS\System32\OLEAUT32.dll
0x00007fffe8300000 - 0x00007fffe83ad000 	C:\WINDOWS\System32\SHCORE.dll
0x00007fffe7390000 - 0x00007fffe73eb000 	C:\WINDOWS\System32\shlwapi.dll
0x00007fffe63f0000 - 0x00007fffe6414000 	C:\WINDOWS\SYSTEM32\profapi.dll
0x00007fffe0420000 - 0x00007fffe0430000 	C:\Program Files\Android\Android Studio\jbr\bin\net.dll
0x00007fffe5b70000 - 0x00007fffe5bda000 	C:\WINDOWS\system32\mswsock.dll
0x00007fffdaa60000 - 0x00007fffdaa76000 	C:\Program Files\Android\Android Studio\jbr\bin\nio.dll
0x00007fffdf5e0000 - 0x00007fffdf5f0000 	C:\Program Files\Android\Android Studio\jbr\bin\verify.dll
0x00007fffdf220000 - 0x00007fffdf247000 	C:\Users\emihl\.gradle\native\660c5614fbf4a5f2a75b1949f50a0caf5cd603558e7d8a26e50b933a0cfb79d1\windows-amd64\native-platform.dll
0x00007fffda8c0000 - 0x00007fffda937000 	C:\Users\emihl\.gradle\native\0.2.8\x86_64-windows-gnu\gradle-fileevents.dll
0x00007fffdfc50000 - 0x00007fffdfc59000 	C:\Program Files\Android\Android Studio\jbr\bin\management.dll
0x00007fffdfc20000 - 0x00007fffdfc2b000 	C:\Program Files\Android\Android Studio\jbr\bin\management_ext.dll
0x00007fffe7530000 - 0x00007fffe7538000 	C:\WINDOWS\System32\PSAPI.DLL
0x00007fffe5850000 - 0x00007fffe588b000 	C:\WINDOWS\SYSTEM32\IPHLPAPI.DLL
0x00007fffe7a60000 - 0x00007fffe7a68000 	C:\WINDOWS\System32\NSI.dll
0x00007fffe0100000 - 0x00007fffe0109000 	C:\Program Files\Android\Android Studio\jbr\bin\extnet.dll
0x00007fffe5d60000 - 0x00007fffe5d78000 	C:\WINDOWS\SYSTEM32\CRYPTSP.dll
0x00007fffe5490000 - 0x00007fffe54c8000 	C:\WINDOWS\system32\rsaenh.dll
0x00007fffe6370000 - 0x00007fffe639e000 	C:\WINDOWS\SYSTEM32\USERENV.dll
0x00007fffe5d80000 - 0x00007fffe5d8c000 	C:\WINDOWS\SYSTEM32\CRYPTBASE.dll
0x00007fffe0450000 - 0x00007fffe0457000 	C:\WINDOWS\system32\wshunix.dll
0x00007fffe5890000 - 0x00007fffe595a000 	C:\WINDOWS\SYSTEM32\DNSAPI.dll
0x00007fffdc9d0000 - 0x00007fffdc9da000 	C:\Windows\System32\rasadhlp.dll
0x00007fffdca00000 - 0x00007fffdca80000 	C:\WINDOWS\System32\fwpuclnt.dll

JVMTI agents:
C:\Users\emihl\.gradle\wrapper\dists\gradle-9.6.0-bin\42k10rwplmzkhuboz9kdazi7s\gradle-9.6.0\lib\agents\gradle-instrumentation-agent-9.6.0.jar path:C:\Program Files\Android\Android Studio\jbr\bin\instrument.dll, loaded, initialized, instrumentlib options:none

dbghelp: loaded successfully - version: 4.0.5 - missing functions: none
symbol engine: initialized successfully - sym options: 0x614 - pdb path: .;C:\Program Files\Android\Android Studio\jbr\bin;C:\WINDOWS\SYSTEM32;C:\WINDOWS\WinSxS\amd64_microsoft.windows.common-controls_6595b64144ccf1df_6.0.19041.6456_none_60b8a6cb71f64256;C:\Program Files\Android\Android Studio\jbr\bin\server;C:\Users\emihl\.gradle\native\660c5614fbf4a5f2a75b1949f50a0caf5cd603558e7d8a26e50b933a0cfb79d1\windows-amd64;C:\Users\emihl\.gradle\native\0.2.8\x86_64-windows-gnu

VM Arguments:
jvm_args: --add-opens=java.base/java.lang=ALL-UNNAMED --add-opens=java.base/java.lang.invoke=ALL-UNNAMED --add-opens=java.base/java.util=ALL-UNNAMED --add-opens=java.prefs/java.util.prefs=ALL-UNNAMED --add-exports=jdk.compiler/com.sun.tools.javac.api=ALL-UNNAMED --add-exports=jdk.compiler/com.sun.tools.javac.util=ALL-UNNAMED --add-opens=java.base/java.nio.charset=ALL-UNNAMED --add-opens=java.base/java.net=ALL-UNNAMED --add-opens=java.base/java.util.concurrent=ALL-UNNAMED --add-opens=java.base/java.util.concurrent.atomic=ALL-UNNAMED --add-opens=java.xml/javax.xml.namespace=ALL-UNNAMED --add-opens=java.base/java.time=ALL-UNNAMED --enable-native-access=ALL-UNNAMED -Xmx2048m -Dfile.encoding=UTF-8 -Duser.country=GB -Duser.language=en -Duser.variant -javaagent:C:\Users\emihl\.gradle\wrapper\dists\gradle-9.6.0-bin\42k10rwplmzkhuboz9kdazi7s\gradle-9.6.0\lib\agents\gradle-instrumentation-agent-9.6.0.jar 
java_command: org.gradle.launcher.daemon.bootstrap.GradleDaemon 9.6.0
java_class_path (initial): C:\Users\emihl\.gradle\wrapper\dists\gradle-9.6.0-bin\42k10rwplmzkhuboz9kdazi7s\gradle-9.6.0\lib\gradle-daemon-main-9.6.0.jar
Launcher Type: SUN_STANDARD

[Global flags]
     intx CICompilerCount                          = 2                                         {product} {ergonomic}
     uint ConcGCThreads                            = 1                                         {product} {ergonomic}
     uint G1ConcRefinementThreads                  = 2                                         {product} {ergonomic}
   size_t G1HeapRegionSize                         = 1048576                                   {product} {ergonomic}
   size_t InitialHeapSize                          = 65011712                                  {product} {ergonomic}
   size_t MarkStackSize                            = 4194304                                   {product} {ergonomic}
   size_t MarkStackSizeMax                         = 536870912                                 {product} {ergonomic}
   size_t MaxHeapSize                              = 2147483648                                {product} {command line}
   size_t MaxNewSize                               = 1287651328                                {product} {ergonomic}
   size_t MinHeapDeltaBytes                        = 1048576                                   {product} {ergonomic}
   size_t MinHeapSize                              = 8388608                                   {product} {ergonomic}
    uintx NonNMethodCodeHeapSize                   = 5832704                                {pd product} {ergonomic}
    uintx NonProfiledCodeHeapSize                  = 122945536                              {pd product} {ergonomic}
    uintx ProfiledCodeHeapSize                     = 122945536                              {pd product} {ergonomic}
    uintx ReservedCodeCacheSize                    = 251723776                              {pd product} {ergonomic}
     bool SegmentedCodeCache                       = true                                      {product} {ergonomic}
   size_t SoftMaxHeapSize                          = 2147483648                             {manageable} {ergonomic}
     bool UseCompressedOops                        = true                           {product lp64_product} {ergonomic}
     bool UseG1GC                                  = true                                      {product} {ergonomic}
     bool UseLargePagesIndividualAllocation        = false                                  {pd product} {ergonomic}

Logging:
Log output configuration:
 #0: stdout all=warning uptime,level,tags foldmultilines=false
 #1: stderr all=off uptime,level,tags foldmultilines=false

Release file:
JAVA_VERSION="25.0.3" 
MODULES="java.base java.compiler java.datatransfer java.xml java.prefs java.desktop java.instrument java.logging java.management java.security.sasl java.naming java.rmi java.management.rmi java.net.http java.scripting java.security.jgss java.transaction.xa java.sql java.sql.rowset java.xml.crypto java.se java.smartcardio jdk.accessibility jdk.internal.jvmstat jdk.attach jdk.charsets jdk.internal.opt jdk.zipfs jdk.compiler jdk.crypto.cryptoki jdk.crypto.ec jdk.dynalink jdk.hotspot.agent jdk.httpserver jdk.internal.ed jdk.internal.le jdk.internal.md jdk.internal.vm.ci jdk.jartool jdk.javadoc jdk.jcmd jdk.jdeps jdk.jdwp.agent jdk.jdi jdk.jfr jdk.jlink jdk.localedata jdk.management jdk.management.agent jdk.management.jfr jdk.naming.dns jdk.naming.rmi jdk.net jdk.sctp jdk.security.auth jdk.security.jgss jdk.unsupported jdk.unsupported.desktop jdk.xml.dom" 
IMPLEMENTOR="JetBrains s.r.o." 
JAVA_RUNTIME_VERSION="25.0.3+-15898627-b508.16" 
LIBC="default" 
OS_ARCH="x86_64" 
OS_NAME="Windows" 
SOURCE=".:git:a8b1dba3234f" 

Environment Variables:
PATH=C:\WINDOWS\system32;C:\WINDOWS;C:\WINDOWS\System32\Wbem;C:\WINDOWS\System32\WindowsPowerShell\v1.0\;C:\WINDOWS\System32\OpenSSH\;C:\Program Files\Git\cmd;C:\Users\emihl\AppData\Local\Microsoft\WindowsApps;
USERNAME=emihl
OS=Windows_NT
PROCESSOR_IDENTIFIER=Intel64 Family 6 Model 122 Stepping 8, GenuineIntel
TMP=C:\Users\emihl\AppData\Local\Temp
TEMP=C:\Users\emihl\AppData\Local\Temp




Compilation memory statistics disabled.

Periodic native trim disabled

JNI global refs:
JNI global refs: 21, weak refs: 0

JNI global refs memory usage: 835, weak refs: 833

Process memory usage:
Resident Set Size: 412492K (10% of 4008928K total physical memory with 175180K free physical memory)

OOME stack traces (most recent first):
Classloader memory used:
Loader org.gradle.internal.classloader.VisitableURLClassLoader                         : 101 M
Loader bootstrap                                                                       : 30886 K
Loader org.gradle.initialization.MixInLegacyTypesClassLoader                           : 11233 K
Loader org.gradle.internal.classloader.VisitableURLClassLoader                         : 1053 K
Loader org.gradle.internal.classloader.VisitableURLClassLoader$InstrumentingVisitableURLClassLoader: 713 K
Loader jdk.internal.jrtfs.JrtFileSystemProvider$JrtFsLoader                            : 326 K
Loader jdk.internal.loader.ClassLoaders$PlatformClassLoader                            : 194 K
Loader jdk.internal.loader.ClassLoaders$AppClassLoader                                 : 186 K
Loader org.gradle.groovy.scripts.internal.DefaultScriptCompilationHandler$ScriptClassLoader: 89776 B

Classes loaded by more than one classloader:
Class org.gradle.internal.IoActions                                                   : loaded 3 times (x 73B)
Class org.gradle.api.Action                                                           : loaded 3 times (x 72B)
Class org.gradle.internal.Cast                                                        : loaded 3 times (x 73B)
Class org.gradle.api.GradleException                                                  : loaded 3 times (x 84B)
Class Program                                                                         : loaded 3 times (x 74B)
Class ijInit1_53cv9sdlgj3rc30820ebvvhn8                                               : loaded 2 times (x 173B)
Class jdk.internal.jimage.decompressor.StringSharingDecompressorFactory               : loaded 2 times (x 76B)
Class com.google.common.collect.UnmodifiableListIterator                              : loaded 2 times (x 97B)
Class org.gradle.internal.operations.MultipleBuildOperationFailures                   : loaded 2 times (x 97B)
Class org.gradle.internal.classloader.DefaultClassLoaderFactory                       : loaded 2 times (x 84B)
Class kotlin.collections.AbstractList$Companion                                       : loaded 2 times (x 73B)
Class org.gradle.tooling.internal.gradle.DefaultProjectIdentifier                     : loaded 2 times (x 88B)
Class org.gradle.api.internal.DefaultClassPathProvider                                : loaded 2 times (x 78B)
Class [Lorg.gradle.api.internal.ClassPathProvider;                                    : loaded 2 times (x 71B)
Class org.gradle.api.internal.ClassPathProvider                                       : loaded 2 times (x 72B)
Class org.gradle.internal.service.UnknownServiceException                             : loaded 2 times (x 85B)
Class org.gradle.internal.classpath.TransformedClassPath                              : loaded 2 times (x 98B)
Class org.gradle.internal.classloader.InstrumentingClassLoader                        : loaded 2 times (x 72B)
Class com.google.common.collect.Iterators$ArrayItr                                    : loaded 2 times (x 99B)
Class kotlin.enums.EnumEntriesList                                                    : loaded 2 times (x 225B)
Class com.google.common.collect.UnmodifiableIterator                                  : loaded 2 times (x 82B)
Class org.gradle.internal.service.ServiceLocator                                      : loaded 2 times (x 72B)
Class jdk.internal.jrtfs.JrtFileSystemProvider                                        : loaded 2 times (x 103B)
Class com.intellij.gradle.toolingExtension.util.GradleVersionUtil                     : loaded 2 times (x 73B)
Class com.google.common.collect.Iterators$SingletonIterator                           : loaded 2 times (x 83B)
Class org.gradle.tooling.model.UnsupportedMethodException                             : loaded 2 times (x 84B)
Class com.google.common.collect.Iterators                                             : loaded 2 times (x 73B)
Class jdk.internal.jimage.ImageLocation                                               : loaded 2 times (x 92B)
Class com.google.common.collect.Lists$StringAsImmutableList                           : loaded 2 times (x 209B)
Class jdk.internal.jimage.ImageBufferCache$1                                          : loaded 2 times (x 84B)
Class org.gradle.internal.time.DefaultTimer                                           : loaded 2 times (x 82B)
Class jdk.internal.jimage.ImageBufferCache$2                                          : loaded 2 times (x 93B)
Class org.gradle.api.internal.classpath.DefaultModuleRegistry$DefaultModule           : loaded 2 times (x 84B)
Class com.google.common.collect.AbstractIterator                                      : loaded 2 times (x 84B)
Class com.google.common.collect.AbstractIndexedListIterator                           : loaded 2 times (x 98B)
Class org.gradle.internal.time.DefaultCountdownTimer                                  : loaded 2 times (x 90B)
Class org.gradle.tooling.internal.gradle.DefaultBuildIdentifier                       : loaded 2 times (x 81B)
Class org.gradle.api.internal.classpath.Module                                        : loaded 2 times (x 72B)
Class org.gradle.api.internal.classpath.UnknownModuleException                        : loaded 2 times (x 84B)
Class jdk.internal.jimage.ImageHeader                                                 : loaded 2 times (x 73B)
Class org.gradle.tooling.internal.gradle.GradleProjectIdentity                        : loaded 2 times (x 72B)
Class org.gradle.api.internal.DefaultClassPathRegistry                                : loaded 2 times (x 78B)
Class org.gradle.internal.classpath.DefaultClassPath$ImmutableUniqueList              : loaded 2 times (x 201B)
Class org.gradle.api.internal.ClassPathRegistry                                       : loaded 2 times (x 72B)
Class jdk.internal.jimage.decompressor.ResourceDecompressor                           : loaded 2 times (x 72B)
Class sync_studio_tooling1_aq2vlo0h4255gbf233vkyp3c8$_run_closure1                    : loaded 2 times (x 140B)
Class Settings_gradle$1                                                               : loaded 2 times (x 76B)
Class org.gradle.internal.classpath.ClassPath                                         : loaded 2 times (x 72B)
Class org.gradle.api.internal.classpath.DefaultModuleRegistry$DefaultModuleAlias      : loaded 2 times (x 82B)
Class jdk.internal.jimage.ImageStringsReader                                          : loaded 2 times (x 82B)
Class com.google.common.collect.Iterators$1                                           : loaded 2 times (x 83B)
Class org.gradle.tooling.model.Model                                                  : loaded 2 times (x 72B)
Class kotlin.UninitializedPropertyAccessException                                     : loaded 2 times (x 84B)
Class jdk.internal.jimage.ImageReader                                                 : loaded 2 times (x 77B)
Class org.gradle.internal.classloader.ClassLoaderHierarchy                            : loaded 2 times (x 72B)
Class com.google.common.collect.Iterators$4                                           : loaded 2 times (x 84B)
Class org.gradle.api.internal.classpath.ModuleRegistry                                : loaded 2 times (x 72B)
Class org.gradle.internal.installation.GradleInstallation$1                           : loaded 2 times (x 77B)
Class jdk.internal.jimage.decompressor.ResourceDecompressorFactory                    : loaded 2 times (x 76B)
Class com.google.common.collect.Iterators$5                                           : loaded 2 times (x 84B)
Class jdk.internal.jimage.ImageReader$Node                                            : loaded 2 times (x 86B)
Class com.google.common.collect.ImmutableCollection                                   : loaded 2 times (x 127B)
Class org.gradle.tooling.model.idea.BasicIdeaProject                                  : loaded 2 times (x 72B)
Class org.gradle.api.internal.classpath.DefaultModuleRegistry                         : loaded 2 times (x 86B)
Class jdk.internal.jimage.BasicImageReader$1                                          : loaded 2 times (x 79B)
Class com.google.common.collect.Lists                                                 : loaded 2 times (x 73B)
Class com.google.common.collect.Iterators$9                                           : loaded 2 times (x 83B)
Class org.gradle.tooling.model.GradleProject                                          : loaded 2 times (x 72B)
Class jdk.internal.jimage.decompressor.Decompressor                                   : loaded 2 times (x 74B)
Class org.gradle.internal.time.MonotonicClock                                         : loaded 2 times (x 79B)
Class org.gradle.internal.service.ServiceLookupException                              : loaded 2 times (x 84B)
Class org.gradle.internal.classloader.ClassLoaderFactory                              : loaded 2 times (x 72B)
Class org.gradle.internal.service.CachingServiceLocator                               : loaded 2 times (x 84B)
Class org.gradle.internal.time.TimeSource                                             : loaded 2 times (x 72B)
Class org.gradle.tooling.internal.gradle.GradleBuildIdentity                          : loaded 2 times (x 72B)
Class kotlin.enums.EnumEntries                                                        : loaded 2 times (x 72B)
Class org.gradle.internal.exceptions.ResolutionProvider                               : loaded 2 times (x 72B)
Class jdk.internal.jimage.ImageBufferCache                                            : loaded 2 times (x 73B)
Class jdk.internal.jrtfs.JrtPath                                                      : loaded 2 times (x 124B)
Class org.gradle.tooling.model.ProjectIdentifier                                      : loaded 2 times (x 72B)
Class org.gradle.internal.classloader.ClasspathUtil                                   : loaded 2 times (x 73B)
Class org.gradle.internal.time.TimeSource$1                                           : loaded 2 times (x 79B)
Class kotlin.jvm.internal.DefaultConstructorMarker                                    : loaded 2 times (x 73B)
Class org.gradle.api.specs.Spec                                                       : loaded 2 times (x 72B)
Class jdk.internal.jimage.decompressor.ResourceDecompressorRepository                 : loaded 2 times (x 73B)
Class com.intellij.gradle.toolingExtension.impl.model.utilDummyModel.DummyModel       : loaded 2 times (x 72B)
Class sync_studio_tooling1_aq2vlo0h4255gbf233vkyp3c8                                  : loaded 2 times (x 173B)
Class org.gradle.internal.time.Clock                                                  : loaded 2 times (x 72B)
Class org.gradle.tooling.model.BuildModel                                             : loaded 2 times (x 72B)
Class jdk.internal.jimage.ImageReader$Directory                                       : loaded 2 times (x 86B)
Class org.gradle.tooling.model.Element                                                : loaded 2 times (x 72B)
Class kotlin.collections.AbstractList                                                 : loaded 2 times (x 199B)
Class kotlin.collections.AbstractCollection                                           : loaded 2 times (x 119B)
Class org.gradle.internal.classloader.VisitableURLClassLoader$InstrumentingVisitableURLClassLoader: loaded 2 times (x 124B)
Class org.gradle.internal.classloader.VisitableURLClassLoader$Spec                    : loaded 2 times (x 76B)
Class org.gradle.internal.classpath.DefaultClassPath                                  : loaded 2 times (x 92B)
Class jdk.internal.jimage.decompressor.ZipDecompressorFactory                         : loaded 2 times (x 76B)
Class org.gradle.util.internal.DefaultGradleVersion                                   : loaded 2 times (x 84B)
Class org.gradle.internal.classloader.ClassLoaderSpec                                 : loaded 2 times (x 73B)
Class Settings_gradle$1$1                                                             : loaded 2 times (x 76B)
Class org.gradle.api.internal.classpath.Module$ModuleAlias                            : loaded 2 times (x 72B)
Class org.gradle.internal.classloader.VisitableURLClassLoader                         : loaded 2 times (x 118B)
Class Settings_gradle                                                                 : loaded 2 times (x 126B)
Class jdk.internal.jimage.BasicImageReader                                            : loaded 2 times (x 97B)
Class org.gradle.internal.classloader.FilteringClassLoader                            : loaded 2 times (x 106B)
Class org.gradle.tooling.model.eclipse.EclipseProject                                 : loaded 2 times (x 72B)
Class jdk.internal.jimage.decompressor.ZipDecompressor                                : loaded 2 times (x 77B)
Class org.gradle.internal.classpath.DefaultClassPath$ImmutableUniqueList$Builder      : loaded 2 times (x 77B)
Class jdk.internal.jimage.ImageReader$SharedImageReader                               : loaded 2 times (x 97B)
Class org.gradle.internal.exceptions.NonGradleCauseExceptionsHolder                   : loaded 2 times (x 72B)
Class jdk.internal.jimage.ImageStrings                                                : loaded 2 times (x 72B)
Class ijInit1_53cv9sdlgj3rc30820ebvvhn8$_run_closure1                                 : loaded 2 times (x 141B)
Class org.gradle.tooling.model.eclipse.HierarchicalEclipseProject                     : loaded 2 times (x 72B)
Class kotlin.NotImplementedError                                                      : loaded 2 times (x 84B)
Class kotlin.enums.EnumEntriesKt                                                      : loaded 2 times (x 73B)
Class org.gradle.internal.exceptions.MultiCauseException                              : loaded 2 times (x 72B)
Class org.gradle.internal.time.CountdownTimer                                         : loaded 2 times (x 72B)
Class kotlin.jvm.internal.Intrinsics                                                  : loaded 2 times (x 73B)
Class jdk.internal.jrtfs.JrtFileSystem                                                : loaded 2 times (x 104B)
Class org.gradle.tooling.model.ProjectModel                                           : loaded 2 times (x 72B)
Class org.gradle.tooling.model.gradle.GradleBuild                                     : loaded 2 times (x 72B)
Class jdk.internal.jimage.decompressor.CompressedResourceHeader                       : loaded 2 times (x 73B)
Class kotlin.KotlinNullPointerException                                               : loaded 2 times (x 84B)
Class org.gradle.internal.exceptions.DefaultMultiCauseException                       : loaded 2 times (x 97B)
Class com.google.common.base.Preconditions                                            : loaded 2 times (x 73B)
Class org.gradle.tooling.model.HierarchicalElement                                    : loaded 2 times (x 72B)
Class com.google.common.collect.PeekingIterator                                       : loaded 2 times (x 72B)
Class org.gradle.internal.time.Time                                                   : loaded 2 times (x 73B)
Class org.gradle.tooling.model.BuildIdentifier                                        : loaded 2 times (x 72B)
Class kotlin.NoWhenBranchMatchedException                                             : loaded 2 times (x 84B)
Class org.gradle.tooling.model.BuildableElement                                       : loaded 2 times (x 72B)
Class org.gradle.tooling.model.HasGradleProject                                       : loaded 2 times (x 72B)
Class org.gradle.internal.time.Timer                                                  : loaded 2 times (x 72B)
Class kotlin.jvm.internal.markers.KMappedMarker                                       : loaded 2 times (x 72B)
Class org.gradle.internal.installation.CurrentGradleInstallationLocator               : loaded 2 times (x 73B)
Class com.google.common.collect.ImmutableList                                         : loaded 2 times (x 208B)
Class org.gradle.tooling.model.idea.IdeaProject                                       : loaded 2 times (x 72B)
Class org.gradle.internal.service.DefaultServiceLocator                               : loaded 2 times (x 85B)
Class org.gradle.util.GradleVersion                                                   : loaded 2 times (x 83B)
Class org.gradle.internal.installation.CurrentGradleInstallation                      : loaded 2 times (x 75B)
Class org.gradle.tooling.model.gradle.ProjectPublications                             : loaded 2 times (x 72B)
Class org.gradle.util.internal.GUtil                                                  : loaded 2 times (x 73B)
Class com.google.common.collect.Iterators$MergingIterator                             : loaded 2 times (x 83B)
Class org.gradle.internal.installation.GradleInstallation                             : loaded 2 times (x 77B)
Class jdk.internal.jimage.decompressor.ResourceDecompressor$StringsProvider           : loaded 2 times (x 72B)

---------------  S Y S T E M  ---------------

OS:
 Windows 10 , 64 bit Build 19041 (10.0.19041.5915)
OS uptime: 0 days 5:01 hours

CPU: total 2 (initial active 2) (2 cores per cpu, 1 threads per core) family 6 model 122 stepping 8 microcode 0x18, cx8, cmov, fxsr, mmx, 3dnowpref, sse, sse2, sse3, ssse3, sse4.1, sse4.2, popcnt, tsc, tscinvbit, aes, erms, clmul, sha, clflush, clflushopt, rdtscp, rdpid
Processor Information for the first 2 processors :
  Max Mhz: 1101, Current Mhz: 1101, Mhz Limit: 1101

Memory: 4k page, system-wide physical 3914M (165M free)
TotalPageFile size 11210M (AvailPageFile size 177M)
current process WorkingSet (physical memory assigned to process): 407M, peak: 429M
current process commit charge ("private bytes"): 641M, peak: 1248M

vm_info: OpenJDK 64-Bit Server VM (25.0.3+-15898627-b508.16) for windows-amd64 JRE (25.0.3+-15898627-b508.16), built on 2026-07-20T17:54:23Z with MS VC++ 16.10 / 16.11 (VS2019)

END.
